[08Jul2025 04:48:51.702] [main/INFO] [cpw.mods.modlauncher.Launcher/MODLAUNCHER]: ModLauncher running: args [--launchTarget, forgeclientuserdev, --version, 21.1.65, --assetIndex, 17, --assetsDir, C:\\Users\\UwU\\.mcreator\\gradle\\caches\\neoformruntime\\assets, --gameDir, ., --fml.neoForgeVersion, 21.1.65, --fml.fmlVersion, 4.0.24, --fml.mcVersion, 1.21.1, --fml.neoFormVersion, 20240808.144430]
[08Jul2025 04:48:51.705] [main/INFO] [cpw.mods.modlauncher.Launcher/MODLAUNCHER]: JVM identified as Eclipse Adoptium OpenJDK 64-Bit Server VM 21.0.4+7-LTS
[08Jul2025 04:48:51.707] [main/INFO] [cpw.mods.modlauncher.Launcher/MODLAUNCHER]: ModLauncher 11.0.4+main.d2e20e43 starting: java version 21.0.4 by Eclipse Adoptium; OS Windows 11 arch amd64 version 10.0
[08Jul2025 04:48:51.730] [main/DEBUG] [cpw.mods.modlauncher.LaunchServiceHandler/MODLAUNCHER]: Found launch services [minecraft,forgeclient,forgedatauserdev,testharness,forgeserverdev,forgeserveruserdev,forgejunitdev,forgeclientdev,forgeclientuserdev,forgeserver,forgejunituserdev,forgedatadev]
[08Jul2025 04:48:51.757] [main/DEBUG] [cpw.mods.modlauncher.LaunchPluginHandler/MODLAUNCHER]: Found launch plugins: [mixin,slf4jfixer,runtime_enum_extender,accesstransformer,runtimedistcleaner]
[08Jul2025 04:48:51.769] [main/DEBUG] [cpw.mods.modlauncher.TransformationServicesHandler/MODLAUNCHER]: Discovering transformation services
[08Jul2025 04:48:51.773] [main/DEBUG] [net.neoforged.fml.loading.FMLPaths/CORE]: Path GAMEDIR is E:\Projects\Minecraft\Elementals\run
[08Jul2025 04:48:51.774] [main/DEBUG] [net.neoforged.fml.loading.FMLPaths/CORE]: Path MODSDIR is E:\Projects\Minecraft\Elementals\run\mods
[08Jul2025 04:48:51.774] [main/DEBUG] [net.neoforged.fml.loading.FMLPaths/CORE]: Path CONFIGDIR is E:\Projects\Minecraft\Elementals\run\config
[08Jul2025 04:48:51.774] [main/DEBUG] [net.neoforged.fml.loading.FMLPaths/CORE]: Path FMLCONFIG is E:\Projects\Minecraft\Elementals\run\config\fml.toml
[08Jul2025 04:48:51.842] [main/DEBUG] [net.neoforged.fml.loading.targets.CommonLaunchHandler/CORE]: Got mod coordinates testproject%%E:\Projects\Minecraft\Elementals\build\classes\java\main;testproject%%E:\Projects\Minecraft\Elementals\build\resources\main from env
[08Jul2025 04:48:51.844] [main/DEBUG] [net.neoforged.fml.loading.targets.CommonLaunchHandler/CORE]: Found supplied mod coordinates [{testproject=[E:\Projects\Minecraft\Elementals\build\classes\java\main, E:\Projects\Minecraft\Elementals\build\resources\main]}]
[08Jul2025 04:48:51.846] [main/DEBUG] [cpw.mods.modlauncher.TransformationServicesHandler/MODLAUNCHER]: Found additional transformation services from discovery services: 
[08Jul2025 04:48:51.852] [main/INFO] [net.neoforged.fml.loading.ImmediateWindowHandler/]: Loading ImmediateWindowProvider fmlearlywindow
[08Jul2025 04:48:51.957] [main/INFO] [EARLYDISPLAY/]: Trying GL version 4.6
[08Jul2025 04:48:52.144] [main/INFO] [EARLYDISPLAY/]: Requested GL version 4.6 got version 4.6
[08Jul2025 04:48:52.199] [main/DEBUG] [cpw.mods.modlauncher.TransformationServicesHandler/MODLAUNCHER]: Found transformer services : [mixin,fml]
[08Jul2025 04:48:52.199] [main/DEBUG] [cpw.mods.modlauncher.TransformationServicesHandler/MODLAUNCHER]: Transformation services loading
[08Jul2025 04:48:52.200] [main/DEBUG] [cpw.mods.modlauncher.TransformationServiceDecorator/MODLAUNCHER]: Loading service mixin
[08Jul2025 04:48:52.200] [main/DEBUG] [cpw.mods.modlauncher.TransformationServiceDecorator/MODLAUNCHER]: Loaded service mixin
[08Jul2025 04:48:52.200] [main/DEBUG] [cpw.mods.modlauncher.TransformationServiceDecorator/MODLAUNCHER]: Loading service fml
[08Jul2025 04:48:52.200] [main/DEBUG] [net.neoforged.fml.loading.FMLLoader/CORE]: FML 4.0.24 loading
[08Jul2025 04:48:52.200] [main/DEBUG] [net.neoforged.fml.loading.FMLLoader/CORE]: FML found ModLauncher version : 11.0.4+main.d2e20e43
[08Jul2025 04:48:52.201] [main/DEBUG] [net.neoforged.fml.loading.FMLLoader/CORE]: FML found AccessTransformer version : 10.0.1+139da711
[08Jul2025 04:48:52.201] [main/DEBUG] [net.neoforged.fml.loading.FMLLoader/CORE]: FML found EventBus version : null
[08Jul2025 04:48:52.201] [main/DEBUG] [net.neoforged.fml.loading.FMLLoader/CORE]: Found Runtime Dist Cleaner
[08Jul2025 04:48:52.202] [main/DEBUG] [cpw.mods.modlauncher.TransformationServiceDecorator/MODLAUNCHER]: Loaded service fml
[08Jul2025 04:48:52.202] [main/DEBUG] [cpw.mods.modlauncher.TransformationServicesHandler/MODLAUNCHER]: Configuring option handling for services
[08Jul2025 04:48:52.216] [main/DEBUG] [net.neoforged.fml.loading.FMLServiceProvider/CORE]: Received command line version data  : VersionInfo[neoForgeVersion=21.1.65, fmlVersion=4.0.24, mcVersion=1.21.1, neoFormVersion=20240808.144430]
[08Jul2025 04:48:52.217] [main/DEBUG] [cpw.mods.modlauncher.TransformationServicesHandler/MODLAUNCHER]: Transformation services initializing
[08Jul2025 04:48:52.217] [main/DEBUG] [cpw.mods.modlauncher.TransformationServiceDecorator/MODLAUNCHER]: Initializing transformation service mixin
[08Jul2025 04:48:52.230] [main/DEBUG] [mixin/]: MixinService [ModLauncher] was successfully booted in cpw.mods.cl.ModuleClassLoader@b2c9a9c
[08Jul2025 04:48:52.242] [main/INFO] [mixin/]: SpongePowered MIXIN Subsystem Version=0.8.7 Source=union:/C:/Users/UwU/.mcreator/gradle/caches/modules-2/files-2.1/net.fabricmc/sponge-mixin/0.15.2+mixin.0.8.7/2af2f021d8e02a0220dc27a7a72b4666d66d44ca/sponge-mixin-0.15.2+mixin.0.8.7.jar%23131!/ Service=ModLauncher Env=CLIENT
[08Jul2025 04:48:52.245] [main/DEBUG] [mixin/]: Initialising Mixin Platform Manager
[08Jul2025 04:48:52.246] [main/DEBUG] [mixin/]: Adding mixin platform agents for container ModLauncher Root Container(ModLauncher:4f56a0a2)
[08Jul2025 04:48:52.246] [main/DEBUG] [mixin/]: Instancing new MixinPlatformAgentMinecraftForge for ModLauncher Root Container(ModLauncher:4f56a0a2)
[08Jul2025 04:48:52.247] [main/DEBUG] [mixin/]: MixinPlatformAgentMinecraftForge rejected container ModLauncher Root Container(ModLauncher:4f56a0a2)
[08Jul2025 04:48:52.247] [main/DEBUG] [mixin/]: Instancing new MixinPlatformAgentDefault for ModLauncher Root Container(ModLauncher:4f56a0a2)
[08Jul2025 04:48:52.247] [main/DEBUG] [mixin/]: MixinPlatformAgentDefault accepted container ModLauncher Root Container(ModLauncher:4f56a0a2)
[08Jul2025 04:48:52.249] [main/DEBUG] [cpw.mods.modlauncher.TransformationServiceDecorator/MODLAUNCHER]: Initialized transformation service mixin
[08Jul2025 04:48:52.250] [main/DEBUG] [cpw.mods.modlauncher.TransformationServiceDecorator/MODLAUNCHER]: Initializing transformation service fml
[08Jul2025 04:48:52.250] [main/DEBUG] [net.neoforged.fml.loading.FMLServiceProvider/CORE]: Setting up basic FML game directories
[08Jul2025 04:48:52.250] [main/DEBUG] [net.neoforged.fml.loading.FMLPaths/CORE]: Path GAMEDIR is E:\Projects\Minecraft\Elementals\run
[08Jul2025 04:48:52.250] [main/DEBUG] [net.neoforged.fml.loading.FMLPaths/CORE]: Path MODSDIR is E:\Projects\Minecraft\Elementals\run\mods
[08Jul2025 04:48:52.250] [main/DEBUG] [net.neoforged.fml.loading.FMLPaths/CORE]: Path CONFIGDIR is E:\Projects\Minecraft\Elementals\run\config
[08Jul2025 04:48:52.251] [main/DEBUG] [net.neoforged.fml.loading.FMLPaths/CORE]: Path FMLCONFIG is E:\Projects\Minecraft\Elementals\run\config\fml.toml
[08Jul2025 04:48:52.251] [main/DEBUG] [net.neoforged.fml.loading.FMLServiceProvider/CORE]: Loading configuration
[08Jul2025 04:48:52.255] [main/DEBUG] [net.neoforged.fml.loading.FMLServiceProvider/CORE]: Preparing launch handler
[08Jul2025 04:48:52.257] [main/DEBUG] [net.neoforged.fml.loading.FMLLoader/CORE]: Using forgeclientuserdev as launch service
[08Jul2025 04:48:52.259] [main/DEBUG] [cpw.mods.modlauncher.TransformationServiceDecorator/MODLAUNCHER]: Initialized transformation service fml
[08Jul2025 04:48:52.259] [main/DEBUG] [cpw.mods.modlauncher.TransformationServicesHandler/MODLAUNCHER]: Transformation services begin scanning
[08Jul2025 04:48:52.259] [main/DEBUG] [cpw.mods.modlauncher.TransformationServiceDecorator/MODLAUNCHER]: Beginning scan trigger - transformation service mixin
[08Jul2025 04:48:52.260] [main/DEBUG] [cpw.mods.modlauncher.TransformationServiceDecorator/MODLAUNCHER]: End scan trigger - transformation service mixin
[08Jul2025 04:48:52.260] [main/DEBUG] [cpw.mods.modlauncher.TransformationServiceDecorator/MODLAUNCHER]: Beginning scan trigger - transformation service fml
[08Jul2025 04:48:52.260] [main/DEBUG] [net.neoforged.fml.loading.FMLServiceProvider/CORE]: Initiating mod scan
[08Jul2025 04:48:52.263] [main/DEBUG] [net.neoforged.fml.loading.targets.CommonLaunchHandler/CORE]: Got mod coordinates testproject%%E:\Projects\Minecraft\Elementals\build\classes\java\main;testproject%%E:\Projects\Minecraft\Elementals\build\resources\main from env
[08Jul2025 04:48:52.264] [main/DEBUG] [net.neoforged.fml.loading.targets.CommonLaunchHandler/CORE]: Found supplied mod coordinates [{testproject=[E:\Projects\Minecraft\Elementals\build\classes\java\main, E:\Projects\Minecraft\Elementals\build\resources\main]}]
[08Jul2025 04:48:52.282] [main/DEBUG] [net.neoforged.fml.util.ServiceLoaderUtil/CORE]: Found 4 implementations of IModFileCandidateLocator:
[08Jul2025 04:48:52.283] [main/DEBUG] [net.neoforged.fml.util.ServiceLoaderUtil/CORE]: 	       0 - [built-in] net.neoforged.fml.loading.moddiscovery.locators.NeoForgeDevProvider from loader-4.0.24.jar
[08Jul2025 04:48:52.283] [main/DEBUG] [net.neoforged.fml.util.ServiceLoaderUtil/CORE]: 	       0 - net.neoforged.fml.loading.moddiscovery.locators.ModsFolderLocator from loader-4.0.24.jar
[08Jul2025 04:48:52.284] [main/DEBUG] [net.neoforged.fml.util.ServiceLoaderUtil/CORE]: 	       0 - net.neoforged.fml.loading.moddiscovery.locators.MavenDirectoryLocator from loader-4.0.24.jar
[08Jul2025 04:48:52.284] [main/DEBUG] [net.neoforged.fml.util.ServiceLoaderUtil/CORE]: 	   -1000 - [built-in] net.neoforged.fml.loading.moddiscovery.locators.UserdevLocator from loader-4.0.24.jar
[08Jul2025 04:48:52.287] [main/DEBUG] [net.neoforged.fml.util.ServiceLoaderUtil/CORE]: Found 2 implementations of IModFileReader:
[08Jul2025 04:48:52.287] [main/DEBUG] [net.neoforged.fml.util.ServiceLoaderUtil/CORE]: 	       0 - net.neoforged.fml.loading.moddiscovery.readers.JarModsDotTomlModFileReader from loader-4.0.24.jar
[08Jul2025 04:48:52.288] [main/DEBUG] [net.neoforged.fml.util.ServiceLoaderUtil/CORE]: 	   -1000 - net.neoforged.fml.loading.moddiscovery.readers.NestedLibraryModReader from loader-4.0.24.jar
[08Jul2025 04:48:52.290] [main/DEBUG] [net.neoforged.fml.util.ServiceLoaderUtil/CORE]: Found 1 implementations of IDependencyLocator:
[08Jul2025 04:48:52.291] [main/DEBUG] [net.neoforged.fml.util.ServiceLoaderUtil/CORE]: 	       0 - net.neoforged.fml.loading.moddiscovery.locators.JarInJarDependencyLocator from loader-4.0.24.jar
[08Jul2025 04:48:52.368] [main/DEBUG] [net.neoforged.fml.loading.moddiscovery.ModFileInfo/LOADING]: Found valid mod file neoforge-21.1.65-minecraft.jar with {minecraft} mods - versions {1.21.1}
[08Jul2025 04:48:52.381] [main/DEBUG] [net.neoforged.fml.loading.moddiscovery.ModFileParser/LOADING]: Considering mod file candidate E:\Projects\Minecraft\Elementals\build\moddev\artifacts\neoforge-21.1.65-minecraft.jar
[08Jul2025 04:48:52.420] [main/DEBUG] [net.neoforged.fml.loading.moddiscovery.ModFileInfo/LOADING]: Found valid mod file neoforge-21.1.65-minecraft.jar with {neoforge} mods - versions {21.1.65}
[08Jul2025 04:48:52.426] [main/DEBUG] [net.neoforged.fml.loading.moddiscovery.ModListHandler/CORE]: Found mod coordinates from lists: []
[08Jul2025 04:48:52.433] [main/DEBUG] [net.neoforged.fml.loading.moddiscovery.ModFileParser/LOADING]: Considering mod file candidate E:\Projects\Minecraft\Elementals\build\classes\java\main
[08Jul2025 04:48:52.440] [main/DEBUG] [net.neoforged.fml.loading.moddiscovery.ModFileInfo/LOADING]: Found valid mod file main with {elementals} mods - versions {1.1.0}
[08Jul2025 04:48:52.454] [main/DEBUG] [net.neoforged.fml.loading.moddiscovery.ModFileParser/LOADING]: Considering mod file candidate E:\Projects\Minecraft\Elementals\build\moddev\artifacts\neoforge-21.1.65-minecraft.jar
[08Jul2025 04:48:52.456] [main/DEBUG] [net.neoforged.fml.loading.moddiscovery.ModFileInfo/LOADING]: Found valid mod file neoforge-21.1.65-minecraft.jar with {neoforge} mods - versions {21.1.65}
[08Jul2025 04:48:52.462] [main/DEBUG] [net.neoforged.fml.loading.moddiscovery.ModFileParser/LOADING]: Considering mod file candidate C:\Users\UwU\.mcreator\gradle\caches\modules-2\files-2.1\software.bernie.geckolib\geckolib-neoforge-1.21.1\4.7\26fa1e18479656a92a0ba323a8c092eeade943c5\geckolib-neoforge-1.21.1-4.7.jar
[08Jul2025 04:48:52.464] [main/DEBUG] [net.neoforged.fml.loading.moddiscovery.ModFileInfo/LOADING]: Found valid mod file geckolib-neoforge-1.21.1-4.7.jar with {geckolib} mods - versions {4.7}
[08Jul2025 04:48:52.469] [main/DEBUG] [net.neoforged.fml.loading.moddiscovery.ModFileParser/LOADING]: Considering mod file candidate C:\Users\UwU\.mcreator\gradle\caches\modules-2\files-2.1\dev.kosmx.player-anim\player-animation-lib-forge\2.0.0-alpha1+1.21\4e2d8ca95b7da05af4097f98a2d5b650ecce8800\player-animation-lib-forge-2.0.0-alpha1+1.21.jar
[08Jul2025 04:48:52.471] [main/DEBUG] [net.neoforged.fml.loading.moddiscovery.ModFileInfo/LOADING]: Found valid mod file player-animation-lib-forge-2.0.0-alpha1+1.21.jar with {playeranimator} mods - versions {2.0.0-alpha1+1.21}
[08Jul2025 04:48:52.476] [main/DEBUG] [net.neoforged.fml.loading.moddiscovery.ModFileParser/LOADING]: Considering mod file candidate C:\Users\UwU\.mcreator\gradle\caches\modules-2\files-2.1\tn.naizo.jauml\jauml\1.0.3-neoforge-1.21.1\f1db320b7055e5af62cfc48452281dcba7a62677\jauml-1.0.3-neoforge-1.21.1.jar
[08Jul2025 04:48:52.479] [main/DEBUG] [net.neoforged.fml.loading.moddiscovery.ModFileInfo/LOADING]: Found valid mod file jauml-1.0.3-neoforge-1.21.1.jar with {jauml} mods - versions {1.0.3-neoforge-1.21.1}
[08Jul2025 04:48:52.514] [main/DEBUG] [net.neoforged.fml.loading.moddiscovery.ModDiscoverer/]: Skipping C:\Users\UwU\.mcreator\gradle\caches\modules-2\files-2.1\net.neoforged.fancymodloader\earlydisplay\4.0.24\c1f79ceaefcb4c79dea89e969563718a2d5157f\earlydisplay-4.0.24.jar because it was already located earlier
[08Jul2025 04:48:52.514] [main/DEBUG] [net.neoforged.fml.loading.moddiscovery.ModDiscoverer/]: Skipping C:\Users\UwU\.mcreator\gradle\caches\modules-2\files-2.1\net.neoforged.fancymodloader\loader\4.0.24\8211b356d57387a287aa3fb1d425fdd34db6d638\loader-4.0.24.jar because it was already located earlier
[08Jul2025 04:48:52.514] [main/DEBUG] [net.neoforged.fml.loading.moddiscovery.ModDiscoverer/]: Skipping C:\Users\UwU\.mcreator\gradle\caches\modules-2\files-2.1\net.neoforged\coremods\7.0.3\9147e6f638b4272b3bd5fc8f92ad37802512c6c\coremods-7.0.3.jar because it was already located earlier
[08Jul2025 04:48:52.515] [main/DEBUG] [net.neoforged.fml.loading.moddiscovery.ModDiscoverer/]: Skipping C:\Users\UwU\.mcreator\gradle\caches\modules-2\files-2.1\cpw.mods\modlauncher\11.0.4\6619d4812a3c092310d521ebc4c9503727563df7\modlauncher-11.0.4.jar because it was already located earlier
[08Jul2025 04:48:52.515] [main/DEBUG] [net.neoforged.fml.loading.moddiscovery.ModDiscoverer/]: Skipping C:\Users\UwU\.mcreator\gradle\caches\modules-2\files-2.1\net.neoforged.accesstransformers\at-modlauncher\10.0.1\5aba50202aceead086bc09fbc2751c9f05cb4890\at-modlauncher-10.0.1.jar because it was already located earlier
[08Jul2025 04:48:52.515] [main/DEBUG] [net.neoforged.fml.loading.moddiscovery.ModDiscoverer/]: Skipping C:\Users\UwU\.mcreator\gradle\caches\modules-2\files-2.1\net.neoforged\accesstransformers\10.0.1\fd83b5725f76eae9115e9355fa1c456a6a441400\accesstransformers-10.0.1.jar because it was already located earlier
[08Jul2025 04:48:52.515] [main/DEBUG] [net.neoforged.fml.loading.moddiscovery.ModDiscoverer/]: Skipping C:\Users\UwU\.mcreator\gradle\caches\modules-2\files-2.1\org.openjdk.nashorn\nashorn-core\15.4\f67f5ffaa5f5130cf6fb9b133da00c7df3b532a5\nashorn-core-15.4.jar because it was already located earlier
[08Jul2025 04:48:52.515] [main/DEBUG] [net.neoforged.fml.loading.moddiscovery.ModDiscoverer/]: Skipping C:\Users\UwU\.mcreator\gradle\caches\modules-2\files-2.1\net.neoforged\mergetool\2.0.3\1275202cbbb248f49345cf6787ce299afd9a02fb\mergetool-2.0.3-api.jar because it was already located earlier
[08Jul2025 04:48:52.515] [main/DEBUG] [net.neoforged.fml.loading.moddiscovery.ModDiscoverer/]: Skipping C:\Users\UwU\.mcreator\gradle\caches\modules-2\files-2.1\net.neoforged\bus\8.0.2\163c9ef7c4bcca6d850c34e95261b606af91fe06\bus-8.0.2.jar because it was already located earlier
[08Jul2025 04:48:52.515] [main/DEBUG] [net.neoforged.fml.loading.moddiscovery.ModDiscoverer/]: Skipping C:\Users\UwU\.mcreator\gradle\caches\modules-2\files-2.1\com.electronwill.night-config\toml\3.8.0\861dbcf2757dd6701c98b3949198549ccb5f62ff\toml-3.8.0.jar because it was already located earlier
[08Jul2025 04:48:52.515] [main/DEBUG] [net.neoforged.fml.loading.moddiscovery.ModDiscoverer/]: Skipping C:\Users\UwU\.mcreator\gradle\caches\modules-2\files-2.1\com.electronwill.night-config\core\3.8.0\2498dd2b3120dd49e963e2feab8fa5d0c5f80e0a\core-3.8.0.jar because it was already located earlier
[08Jul2025 04:48:52.516] [main/DEBUG] [net.neoforged.fml.loading.moddiscovery.ModDiscoverer/]: Skipping C:\Users\UwU\.mcreator\gradle\caches\modules-2\files-2.1\net.neoforged\JarJarSelector\0.4.1\fb3cc7a58af22ad2880adb98af6d518128c47dae\JarJarSelector-0.4.1.jar because it was already located earlier
[08Jul2025 04:48:52.516] [main/DEBUG] [net.neoforged.fml.loading.moddiscovery.ModDiscoverer/]: Skipping C:\Users\UwU\.mcreator\gradle\caches\modules-2\files-2.1\net.neoforged\JarJarMetadata\0.4.1\f8da03683dc81694556dc3e177c5e3bb77ae6fcb\JarJarMetadata-0.4.1.jar because it was already located earlier
[08Jul2025 04:48:52.516] [main/DEBUG] [net.neoforged.fml.loading.moddiscovery.ModDiscoverer/]: Skipping C:\Users\UwU\.mcreator\gradle\caches\modules-2\files-2.1\org.apache.maven\maven-artifact\3.8.5\4433f50c07debefaed0553bd0068f4f48d449313\maven-artifact-3.8.5.jar because it was already located earlier
[08Jul2025 04:48:52.516] [main/DEBUG] [net.neoforged.fml.loading.moddiscovery.ModDiscoverer/]: Skipping C:\Users\UwU\.mcreator\gradle\caches\modules-2\files-2.1\net.jodah\typetools\0.6.3\a01aaa6ddaea9ec07ec4f209487b7a46a526283a\typetools-0.6.3.jar because it was already located earlier
[08Jul2025 04:48:52.516] [main/DEBUG] [net.neoforged.fml.loading.moddiscovery.ModDiscoverer/]: Skipping C:\Users\UwU\.mcreator\gradle\caches\modules-2\files-2.1\net.minecrell\terminalconsoleappender\1.3.0\b562e9bb61235c9520e26282cdee71f8f802d1fc\terminalconsoleappender-1.3.0.jar because it was already located earlier
[08Jul2025 04:48:52.516] [main/DEBUG] [net.neoforged.fml.loading.moddiscovery.ModDiscoverer/]: Skipping C:\Users\UwU\.mcreator\gradle\caches\modules-2\files-2.1\net.fabricmc\sponge-mixin\0.15.2+mixin.0.8.7\2af2f021d8e02a0220dc27a7a72b4666d66d44ca\sponge-mixin-0.15.2+mixin.0.8.7.jar because it was already located earlier
[08Jul2025 04:48:52.516] [main/DEBUG] [net.neoforged.fml.loading.moddiscovery.ModDiscoverer/]: Skipping C:\Users\UwU\.mcreator\gradle\caches\modules-2\files-2.1\org.apache.commons\commons-lang3\3.14.0\1ed471194b02f2c6cb734a0cd6f6f107c673afae\commons-lang3-3.14.0.jar because it was already located earlier
[08Jul2025 04:48:52.516] [main/DEBUG] [net.neoforged.fml.loading.moddiscovery.ModDiscoverer/]: Skipping C:\Users\UwU\.mcreator\gradle\caches\modules-2\files-2.1\com.mojang\logging\1.2.7\24cb95ffb0e3433fd6e844c04e68009e504ca1c0\logging-1.2.7.jar because it was already located earlier
[08Jul2025 04:48:52.516] [main/DEBUG] [net.neoforged.fml.loading.moddiscovery.ModDiscoverer/]: Skipping C:\Users\UwU\.mcreator\gradle\caches\modules-2\files-2.1\org.apache.logging.log4j\log4j-slf4j2-impl\2.22.1\d7e6693c2606cb7e7335047d7bb96dec52db5665\log4j-slf4j2-impl-2.22.1.jar because it was already located earlier
[08Jul2025 04:48:52.516] [main/DEBUG] [net.neoforged.fml.loading.moddiscovery.ModDiscoverer/]: Skipping C:\Users\UwU\.mcreator\gradle\caches\modules-2\files-2.1\org.apache.logging.log4j\log4j-core\2.22.1\7183a25510a02ad00cc6a95d3b3d2a7d3c5a8dc4\log4j-core-2.22.1.jar because it was already located earlier
[08Jul2025 04:48:52.516] [main/DEBUG] [net.neoforged.fml.loading.moddiscovery.ModDiscoverer/]: Skipping C:\Users\UwU\.mcreator\gradle\caches\modules-2\files-2.1\org.apache.logging.log4j\log4j-api\2.22.1\bea6fede6328fabafd7e68363161a7ea6605abd1\log4j-api-2.22.1.jar because it was already located earlier
[08Jul2025 04:48:52.518] [main/DEBUG] [net.neoforged.fml.loading.moddiscovery.ModDiscoverer/]: Skipping C:\Users\UwU\.mcreator\gradle\caches\modules-2\files-2.1\net.sf.jopt-simple\jopt-simple\5.0.4\4fdac2fbe92dfad86aa6e9301736f6b4342a3f5c\jopt-simple-5.0.4.jar because it was already located earlier
[08Jul2025 04:48:52.518] [main/DEBUG] [net.neoforged.fml.loading.moddiscovery.ModDiscoverer/]: Skipping C:\Users\UwU\.mcreator\gradle\caches\modules-2\files-2.1\commons-io\commons-io\2.15.1\f11560da189ab563a5c8e351941415430e9304ea\commons-io-2.15.1.jar because it was already located earlier
[08Jul2025 04:48:52.518] [main/DEBUG] [net.neoforged.fml.loading.moddiscovery.ModDiscoverer/]: Skipping C:\Users\UwU\.mcreator\gradle\caches\modules-2\files-2.1\com.google.guava\guava\32.1.2-jre\5e64ec7e056456bef3a4bc4c6fdaef71e8ab6318\guava-32.1.2-jre.jar because it was already located earlier
[08Jul2025 04:48:52.518] [main/DEBUG] [net.neoforged.fml.loading.moddiscovery.ModDiscoverer/]: Skipping C:\Users\UwU\.mcreator\gradle\caches\modules-2\files-2.1\com.google.code.gson\gson\2.10.1\b3add478d4382b78ea20b1671390a858002feb6c\gson-2.10.1.jar because it was already located earlier
[08Jul2025 04:48:52.518] [main/DEBUG] [net.neoforged.fml.loading.moddiscovery.ModDiscoverer/]: Skipping C:\Users\UwU\.mcreator\gradle\caches\modules-2\files-2.1\org.slf4j\slf4j-api\2.0.9\7cf2726fdcfbc8610f9a71fb3ed639871f315340\slf4j-api-2.0.9.jar because it was already located earlier
[08Jul2025 04:48:52.518] [main/DEBUG] [net.neoforged.fml.loading.moddiscovery.ModDiscoverer/]: Skipping C:\Users\UwU\.mcreator\gradle\caches\modules-2\files-2.1\org.antlr\antlr4-runtime\4.13.1\17125bae1d965624e265ef49552f6465a2bfa307\antlr4-runtime-4.13.1.jar because it was already located earlier
[08Jul2025 04:48:52.518] [main/DEBUG] [net.neoforged.fml.loading.moddiscovery.ModDiscoverer/]: Skipping C:\Users\UwU\.mcreator\gradle\caches\modules-2\files-2.1\net.minecraftforge\srgutils\0.4.15\ca408b131759478f164e010fae0d73997e125fb5\srgutils-0.4.15.jar because it was already located earlier
[08Jul2025 04:48:52.518] [main/DEBUG] [net.neoforged.fml.loading.moddiscovery.ModDiscoverer/]: Skipping C:\Users\UwU\.mcreator\gradle\caches\modules-2\files-2.1\org.codehaus.plexus\plexus-utils\3.3.0\cf43b5391de623b36fe066a21127baef82c64022\plexus-utils-3.3.0.jar because it was already located earlier
[08Jul2025 04:48:52.518] [main/DEBUG] [net.neoforged.fml.loading.moddiscovery.ModDiscoverer/]: Skipping C:\Users\UwU\.mcreator\gradle\caches\modules-2\files-2.1\org.jline\jline-reader\3.20.0\8f15415b022a25b473e8e16c28ae913186ffb9c4\jline-reader-3.20.0.jar because it was already located earlier
[08Jul2025 04:48:52.519] [main/DEBUG] [net.neoforged.fml.loading.moddiscovery.ModDiscoverer/]: Skipping C:\Users\UwU\.mcreator\gradle\caches\modules-2\files-2.1\com.machinezoo.noexception\noexception\1.7.1\b65330c98e38a1f915fa54a6e5eca496505e3f0a\noexception-1.7.1.jar because it was already located earlier
[08Jul2025 04:48:52.519] [main/DEBUG] [net.neoforged.fml.loading.moddiscovery.ModDiscoverer/]: Skipping C:\Users\UwU\.mcreator\gradle\caches\modules-2\files-2.1\com.github.oshi\oshi-core\6.4.10\b1d8ab82d11d92fd639b56d639f8f46f739dd5fa\oshi-core-6.4.10.jar because it was already located earlier
[08Jul2025 04:48:52.519] [main/DEBUG] [net.neoforged.fml.loading.moddiscovery.ModDiscoverer/]: Skipping C:\Users\UwU\.mcreator\gradle\caches\modules-2\files-2.1\com.google.guava\failureaccess\1.0.1\1dcf1de382a0bf95a3d8b0849546c88bac1292c9\failureaccess-1.0.1.jar because it was already located earlier
[08Jul2025 04:48:52.519] [main/DEBUG] [net.neoforged.fml.loading.moddiscovery.ModDiscoverer/]: Skipping C:\Users\UwU\.mcreator\gradle\caches\modules-2\files-2.1\com.ibm.icu\icu4j\73.2\61ad4ef7f9131fcf6d25c34b817f90d6da06c9e9\icu4j-73.2.jar because it was already located earlier
[08Jul2025 04:48:52.519] [main/DEBUG] [net.neoforged.fml.loading.moddiscovery.ModDiscoverer/]: Skipping C:\Users\UwU\.mcreator\gradle\caches\modules-2\files-2.1\com.mojang\authlib\6.0.54\de8bc95660e1b2fe8793fd427a7a10dcec5b3ea7\authlib-6.0.54.jar because it was already located earlier
[08Jul2025 04:48:52.519] [main/DEBUG] [net.neoforged.fml.loading.moddiscovery.ModDiscoverer/]: Skipping C:\Users\UwU\.mcreator\gradle\caches\modules-2\files-2.1\com.mojang\blocklist\1.0.10\5c685c5ffa94c4cd39496c7184c1d122e515ecef\blocklist-1.0.10.jar because it was already located earlier
[08Jul2025 04:48:52.519] [main/DEBUG] [net.neoforged.fml.loading.moddiscovery.ModDiscoverer/]: Skipping C:\Users\UwU\.mcreator\gradle\caches\modules-2\files-2.1\com.mojang\brigadier\1.3.10\d15b53a14cf20fdcaa98f731af5dda654452c010\brigadier-1.3.10.jar because it was already located earlier
[08Jul2025 04:48:52.520] [main/DEBUG] [net.neoforged.fml.loading.moddiscovery.ModDiscoverer/]: Skipping C:\Users\UwU\.mcreator\gradle\caches\modules-2\files-2.1\com.mojang\datafixerupper\8.0.16\67d4de6d7f95d89bcf5862995fb854ebaec02a34\datafixerupper-8.0.16.jar because it was already located earlier
[08Jul2025 04:48:52.520] [main/DEBUG] [net.neoforged.fml.loading.moddiscovery.ModDiscoverer/]: Skipping C:\Users\UwU\.mcreator\gradle\caches\modules-2\files-2.1\com.mojang\patchy\2.2.10\da05971b07cbb379d002cf7eaec6a2048211fefc\patchy-2.2.10.jar because it was already located earlier
[08Jul2025 04:48:52.520] [main/DEBUG] [net.neoforged.fml.loading.moddiscovery.ModDiscoverer/]: Skipping C:\Users\UwU\.mcreator\gradle\caches\modules-2\files-2.1\com.mojang\text2speech\1.17.9\3cad216e3a7f0c19b4b394388bc9ffc446f13b14\text2speech-1.17.9.jar because it was already located earlier
[08Jul2025 04:48:52.520] [main/DEBUG] [net.neoforged.fml.loading.moddiscovery.ModDiscoverer/]: Skipping C:\Users\UwU\.mcreator\gradle\caches\modules-2\files-2.1\commons-codec\commons-codec\1.16.0\4e3eb3d79888d76b54e28b350915b5dc3919c9de\commons-codec-1.16.0.jar because it was already located earlier
[08Jul2025 04:48:52.520] [main/DEBUG] [net.neoforged.fml.loading.moddiscovery.ModDiscoverer/]: Skipping C:\Users\UwU\.mcreator\gradle\caches\modules-2\files-2.1\commons-logging\commons-logging\1.2\4bfc12adfe4842bf07b657f0369c4cb522955686\commons-logging-1.2.jar because it was already located earlier
[08Jul2025 04:48:52.520] [main/DEBUG] [net.neoforged.fml.loading.moddiscovery.ModDiscoverer/]: Skipping C:\Users\UwU\.mcreator\gradle\caches\modules-2\files-2.1\io.netty\netty-buffer\4.1.97.Final\f8f3d8644afa5e6e1a40a3a6aeb9d9aa970ecb4f\netty-buffer-4.1.97.Final.jar because it was already located earlier
[08Jul2025 04:48:52.521] [main/DEBUG] [net.neoforged.fml.loading.moddiscovery.ModDiscoverer/]: Skipping C:\Users\UwU\.mcreator\gradle\caches\modules-2\files-2.1\io.netty\netty-codec\4.1.97.Final\384ba4d75670befbedb45c4d3b497a93639c206d\netty-codec-4.1.97.Final.jar because it was already located earlier
[08Jul2025 04:48:52.521] [main/DEBUG] [net.neoforged.fml.loading.moddiscovery.ModDiscoverer/]: Skipping C:\Users\UwU\.mcreator\gradle\caches\modules-2\files-2.1\io.netty\netty-common\4.1.97.Final\7cceacaf11df8dc63f23d0fb58e9d4640fc88404\netty-common-4.1.97.Final.jar because it was already located earlier
[08Jul2025 04:48:52.521] [main/DEBUG] [net.neoforged.fml.loading.moddiscovery.ModDiscoverer/]: Skipping C:\Users\UwU\.mcreator\gradle\caches\modules-2\files-2.1\io.netty\netty-handler\4.1.97.Final\abb86c6906bf512bf2b797a41cd7d2e8d3cd7c36\netty-handler-4.1.97.Final.jar because it was already located earlier
[08Jul2025 04:48:52.521] [main/DEBUG] [net.neoforged.fml.loading.moddiscovery.ModDiscoverer/]: Skipping C:\Users\UwU\.mcreator\gradle\caches\modules-2\files-2.1\io.netty\netty-resolver\4.1.97.Final\cec8348108dc76c47cf87c669d514be52c922144\netty-resolver-4.1.97.Final.jar because it was already located earlier
[08Jul2025 04:48:52.521] [main/DEBUG] [net.neoforged.fml.loading.moddiscovery.ModDiscoverer/]: Skipping C:\Users\UwU\.mcreator\gradle\caches\modules-2\files-2.1\io.netty\netty-transport-classes-epoll\4.1.97.Final\795da37ded759e862457a82d9d92c4d39ce8ecee\netty-transport-classes-epoll-4.1.97.Final.jar because it was already located earlier
[08Jul2025 04:48:52.521] [main/DEBUG] [net.neoforged.fml.loading.moddiscovery.ModDiscoverer/]: Skipping C:\Users\UwU\.mcreator\gradle\caches\modules-2\files-2.1\io.netty\netty-transport-native-unix-common\4.1.97.Final\d469d84265ab70095b01b40886cabdd433b6e664\netty-transport-native-unix-common-4.1.97.Final.jar because it was already located earlier
[08Jul2025 04:48:52.522] [main/DEBUG] [net.neoforged.fml.loading.moddiscovery.ModDiscoverer/]: Skipping C:\Users\UwU\.mcreator\gradle\caches\modules-2\files-2.1\io.netty\netty-transport\4.1.97.Final\f37380d23c9bb079bc702910833b2fd532c9abd0\netty-transport-4.1.97.Final.jar because it was already located earlier
[08Jul2025 04:48:52.522] [main/DEBUG] [net.neoforged.fml.loading.moddiscovery.ModDiscoverer/]: Skipping C:\Users\UwU\.mcreator\gradle\caches\modules-2\files-2.1\it.unimi.dsi\fastutil\8.5.12\c24946d46824bd528054bface3231d2ecb7e95e8\fastutil-8.5.12.jar because it was already located earlier
[08Jul2025 04:48:52.522] [main/DEBUG] [net.neoforged.fml.loading.moddiscovery.ModDiscoverer/]: Skipping C:\Users\UwU\.mcreator\gradle\caches\modules-2\files-2.1\net.java.dev.jna\jna-platform\5.14.0\28934d48aed814f11e4c584da55c49fa7032b31b\jna-platform-5.14.0.jar because it was already located earlier
[08Jul2025 04:48:52.522] [main/DEBUG] [net.neoforged.fml.loading.moddiscovery.ModDiscoverer/]: Skipping C:\Users\UwU\.mcreator\gradle\caches\modules-2\files-2.1\net.java.dev.jna\jna\5.14.0\67bf3eaea4f0718cb376a181a629e5f88fa1c9dd\jna-5.14.0.jar because it was already located earlier
[08Jul2025 04:48:52.522] [main/DEBUG] [net.neoforged.fml.loading.moddiscovery.ModDiscoverer/]: Skipping C:\Users\UwU\.mcreator\gradle\caches\modules-2\files-2.1\org.apache.commons\commons-compress\1.26.0\659feffdd12280201c8aacb8f7be94f9a883c824\commons-compress-1.26.0.jar because it was already located earlier
[08Jul2025 04:48:52.522] [main/DEBUG] [net.neoforged.fml.loading.moddiscovery.ModDiscoverer/]: Skipping C:\Users\UwU\.mcreator\gradle\caches\modules-2\files-2.1\org.apache.httpcomponents\httpclient\4.5.13\e5f6cae5ca7ecaac1ec2827a9e2d65ae2869cada\httpclient-4.5.13.jar because it was already located earlier
[08Jul2025 04:48:52.522] [main/DEBUG] [net.neoforged.fml.loading.moddiscovery.ModDiscoverer/]: Skipping C:\Users\UwU\.mcreator\gradle\caches\modules-2\files-2.1\org.apache.httpcomponents\httpcore\4.4.16\51cf043c87253c9f58b539c9f7e44c8894223850\httpcore-4.4.16.jar because it was already located earlier
[08Jul2025 04:48:52.522] [main/DEBUG] [net.neoforged.fml.loading.moddiscovery.ModDiscoverer/]: Skipping C:\Users\UwU\.mcreator\gradle\caches\modules-2\files-2.1\org.jcraft\jorbis\0.0.17\8872d22b293e8f5d7d56ff92be966e6dc28ebdc6\jorbis-0.0.17.jar because it was already located earlier
[08Jul2025 04:48:52.523] [main/DEBUG] [net.neoforged.fml.loading.moddiscovery.ModDiscoverer/]: Skipping C:\Users\UwU\.mcreator\gradle\caches\modules-2\files-2.1\org.joml\joml\1.10.5\22566d58af70ad3d72308bab63b8339906deb649\joml-1.10.5.jar because it was already located earlier
[08Jul2025 04:48:52.523] [main/DEBUG] [net.neoforged.fml.loading.moddiscovery.ModDiscoverer/]: Skipping C:\Users\UwU\.mcreator\gradle\caches\modules-2\files-2.1\org.lwjgl\lwjgl-freetype\3.3.3\a0db6c84a8becc8ca05f9dbfa985edc348a824c7\lwjgl-freetype-3.3.3.jar because it was already located earlier
[08Jul2025 04:48:52.532] [main/DEBUG] [net.neoforged.fml.loading.moddiscovery.ModDiscoverer/]: Skipping C:\Users\UwU\.mcreator\gradle\caches\modules-2\files-2.1\org.lwjgl\lwjgl-freetype\3.3.3\15a8c1de7f51d07a92eae7ce1222557073a0c0c3\lwjgl-freetype-3.3.3-natives-windows-x86.jar because it was already located earlier
[08Jul2025 04:48:52.532] [main/DEBUG] [net.neoforged.fml.loading.moddiscovery.ModDiscoverer/]: Skipping C:\Users\UwU\.mcreator\gradle\caches\modules-2\files-2.1\org.lwjgl\lwjgl-glfw\3.3.3\efa1eb78c5ccd840e9f329717109b5e892d72f8e\lwjgl-glfw-3.3.3.jar because it was already located earlier
[08Jul2025 04:48:52.542] [main/DEBUG] [net.neoforged.fml.loading.moddiscovery.ModDiscoverer/]: Skipping C:\Users\UwU\.mcreator\gradle\caches\modules-2\files-2.1\org.lwjgl\lwjgl-glfw\3.3.3\32334f3fd5270a59bad9939a93115acb6de36dcf\lwjgl-glfw-3.3.3-natives-windows-x86.jar because it was already located earlier
[08Jul2025 04:48:52.542] [main/DEBUG] [net.neoforged.fml.loading.moddiscovery.ModDiscoverer/]: Skipping C:\Users\UwU\.mcreator\gradle\caches\modules-2\files-2.1\org.lwjgl\lwjgl-jemalloc\3.3.3\b543467b7ff3c6920539a88ee602d34098628be5\lwjgl-jemalloc-3.3.3.jar because it was already located earlier
[08Jul2025 04:48:52.542] [main/DEBUG] [net.neoforged.fml.loading.moddiscovery.ModDiscoverer/]: Skipping C:\Users\UwU\.mcreator\gradle\caches\modules-2\files-2.1\org.lwjgl\lwjgl-jemalloc\3.3.3\426222fc027602a5f21b9c0fe79cde6a4c7a011f\lwjgl-jemalloc-3.3.3-natives-windows.jar because it was already located earlier
[08Jul2025 04:48:52.552] [main/DEBUG] [net.neoforged.fml.loading.moddiscovery.ModDiscoverer/]: Skipping C:\Users\UwU\.mcreator\gradle\caches\modules-2\files-2.1\org.lwjgl\lwjgl-openal\3.3.3\daada81ceb5fc0c291fbfdd4433cb8d9423577f2\lwjgl-openal-3.3.3.jar because it was already located earlier
[08Jul2025 04:48:52.561] [main/DEBUG] [net.neoforged.fml.loading.moddiscovery.ModDiscoverer/]: Skipping C:\Users\UwU\.mcreator\gradle\caches\modules-2\files-2.1\org.lwjgl\lwjgl-openal\3.3.3\87b8d5050e3adb46bb58fe1cb2669a4a48fce10d\lwjgl-openal-3.3.3-natives-windows-x86.jar because it was already located earlier
[08Jul2025 04:48:52.563] [main/DEBUG] [net.neoforged.fml.loading.moddiscovery.ModDiscoverer/]: Skipping C:\Users\UwU\.mcreator\gradle\caches\modules-2\files-2.1\org.lwjgl\lwjgl-opengl\3.3.3\2f6b0147078396a58979125a4c947664e98293a\lwjgl-opengl-3.3.3.jar because it was already located earlier
[08Jul2025 04:48:52.569] [main/DEBUG] [net.neoforged.fml.loading.moddiscovery.ModDiscoverer/]: Skipping C:\Users\UwU\.mcreator\gradle\caches\modules-2\files-2.1\org.lwjgl\lwjgl-opengl\3.3.3\65e956d3735a1abdc82eff4baec1b61174697d4b\lwjgl-opengl-3.3.3-natives-windows-arm64.jar because it was already located earlier
[08Jul2025 04:48:52.575] [main/DEBUG] [net.neoforged.fml.loading.moddiscovery.ModDiscoverer/]: Skipping C:\Users\UwU\.mcreator\gradle\caches\modules-2\files-2.1\org.lwjgl\lwjgl-stb\3.3.3\25dd6161988d7e65f71d5065c99902402ee32746\lwjgl-stb-3.3.3.jar because it was already located earlier
[08Jul2025 04:48:52.575] [main/DEBUG] [net.neoforged.fml.loading.moddiscovery.ModDiscoverer/]: Skipping C:\Users\UwU\.mcreator\gradle\caches\modules-2\files-2.1\org.lwjgl\lwjgl-stb\3.3.3\1d9facdf6541de114b0f963be33505b7679c78cb\lwjgl-stb-3.3.3-natives-windows.jar because it was already located earlier
[08Jul2025 04:48:52.578] [pool-2-thread-1/INFO] [EARLYDISPLAY/]: GL info: NVIDIA GeForce RTX 3050/PCIe/SSE2 GL version 4.6.0 NVIDIA 576.88, NVIDIA Corporation
[08Jul2025 04:48:52.586] [main/DEBUG] [net.neoforged.fml.loading.moddiscovery.ModDiscoverer/]: Skipping C:\Users\UwU\.mcreator\gradle\caches\modules-2\files-2.1\org.lwjgl\lwjgl-tinyfd\3.3.3\82d755ca94b102e9ca77283b9e2dc46d1b15fbe5\lwjgl-tinyfd-3.3.3.jar because it was already located earlier
[08Jul2025 04:48:52.586] [main/DEBUG] [net.neoforged.fml.loading.moddiscovery.ModDiscoverer/]: Skipping C:\Users\UwU\.mcreator\gradle\caches\modules-2\files-2.1\org.lwjgl\lwjgl-tinyfd\3.3.3\a6697981b0449a5087c1d546fc08b4f73e8f98c9\lwjgl-tinyfd-3.3.3-natives-windows.jar because it was already located earlier
[08Jul2025 04:48:52.598] [main/DEBUG] [net.neoforged.fml.loading.moddiscovery.ModDiscoverer/]: Skipping C:\Users\UwU\.mcreator\gradle\caches\modules-2\files-2.1\org.lwjgl\lwjgl\3.3.3\29589b5f87ed335a6c7e7ee6a5775f81f97ecb84\lwjgl-3.3.3.jar because it was already located earlier
[08Jul2025 04:48:52.609] [main/DEBUG] [net.neoforged.fml.loading.moddiscovery.ModDiscoverer/]: Skipping C:\Users\UwU\.mcreator\gradle\caches\modules-2\files-2.1\org.lwjgl\lwjgl\3.3.3\9e670718e050aeaeea0c2d5b907cffb142f2e58f\lwjgl-3.3.3-natives-windows-x86.jar because it was already located earlier
[08Jul2025 04:48:52.609] [main/DEBUG] [net.neoforged.fml.loading.moddiscovery.ModDiscoverer/]: Skipping C:\Users\UwU\.mcreator\gradle\caches\modules-2\files-2.1\org.lz4\lz4-java\1.8.0\4b986a99445e49ea5fbf5d149c4b63f6ed6c6780\lz4-java-1.8.0.jar because it was already located earlier
[08Jul2025 04:48:52.610] [main/DEBUG] [net.neoforged.fml.loading.moddiscovery.ModDiscoverer/]: Skipping C:\Users\UwU\.mcreator\gradle\caches\modules-2\files-2.1\org.jline\jline-terminal\3.20.0\d0ddcc708ddf527a3454c941b7b9225cc83a15ff\jline-terminal-3.20.0.jar because it was already located earlier
[08Jul2025 04:48:52.610] [main/DEBUG] [net.neoforged.fml.loading.moddiscovery.ModDiscoverer/]: Skipping C:\Users\UwU\.mcreator\gradle\caches\modules-2\files-2.1\com.google.guava\listenablefuture\9999.0-empty-to-avoid-conflict-with-guava\b421526c5f297295adef1c886e5246c39d4ac629\listenablefuture-9999.0-empty-to-avoid-conflict-with-guava.jar because it was already located earlier
[08Jul2025 04:48:52.610] [main/DEBUG] [net.neoforged.fml.loading.moddiscovery.ModDiscoverer/]: Skipping C:\Users\UwU\.mcreator\gradle\caches\modules-2\files-2.1\com.google.code.findbugs\jsr305\3.0.2\25ea2e8b0c338a877313bd4672d3fe056ea78f0d\jsr305-3.0.2.jar because it was already located earlier
[08Jul2025 04:48:52.610] [main/DEBUG] [net.neoforged.fml.loading.moddiscovery.ModDiscoverer/]: Skipping C:\Users\UwU\.mcreator\gradle\caches\modules-2\files-2.1\org.checkerframework\checker-qual\3.33.0\de2b60b62da487644fc11f734e73c8b0b431238f\checker-qual-3.33.0.jar because it was already located earlier
[08Jul2025 04:48:52.610] [main/DEBUG] [net.neoforged.fml.loading.moddiscovery.ModDiscoverer/]: Skipping C:\Users\UwU\.mcreator\gradle\caches\modules-2\files-2.1\com.google.errorprone\error_prone_annotations\2.18.0\89b684257096f548fa39a7df9fdaa409d4d4df91\error_prone_annotations-2.18.0.jar because it was already located earlier
[08Jul2025 04:48:52.610] [main/DEBUG] [net.neoforged.fml.loading.moddiscovery.ModDiscoverer/]: Skipping C:\Users\UwU\.mcreator\gradle\caches\modules-2\files-2.1\com.google.j2objc\j2objc-annotations\2.8\c85270e307e7b822f1086b93689124b89768e273\j2objc-annotations-2.8.jar because it was already located earlier
[08Jul2025 04:48:52.614] [main/DEBUG] [net.neoforged.fml.loading.UniqueModListBuilder/]: Found 2 mods for first modid neoforge, selecting most recent based on version data
[08Jul2025 04:48:52.615] [main/DEBUG] [net.neoforged.fml.loading.UniqueModListBuilder/]: Selected file neoforge-21.1.65-minecraft.jar for modid neoforge with version 21.1.65
[08Jul2025 04:48:52.728] [main/INFO] [net.neoforged.fml.loading.moddiscovery.locators.JarInJarDependencyLocator/]: Found 2 dependencies adding them to mods collection
[08Jul2025 04:48:52.730] [main/DEBUG] [net.neoforged.fml.loading.moddiscovery.ModFileInfo/LOADING]: Found valid mod file neoforge-21.1.65-minecraft.jar with {minecraft} mods - versions {1.21.1}
[08Jul2025 04:48:52.732] [main/DEBUG] [net.neoforged.fml.loading.moddiscovery.ModFile/LOADING]: Loading mod file E:\Projects\Minecraft\Elementals\build\moddev\artifacts\neoforge-21.1.65-minecraft.jar with languages [LanguageSpec[languageName=minecraft, acceptedVersions=1]]
[08Jul2025 04:48:52.734] [main/DEBUG] [net.neoforged.fml.loading.moddiscovery.ModFileParser/LOADING]: Considering mod file candidate E:\Projects\Minecraft\Elementals\build\classes\java\main
[08Jul2025 04:48:52.737] [main/DEBUG] [net.neoforged.fml.loading.moddiscovery.ModFileInfo/LOADING]: Found valid mod file main with {elementals} mods - versions {1.1.0}
[08Jul2025 04:48:52.737] [main/DEBUG] [net.neoforged.fml.loading.moddiscovery.ModFile/LOADING]: Loading mod file E:\Projects\Minecraft\Elementals\build\classes\java\main with languages [LanguageSpec[languageName=javafml, acceptedVersions=[4,)]]
[08Jul2025 04:48:52.738] [main/DEBUG] [net.neoforged.fml.loading.moddiscovery.ModFileParser/LOADING]: Considering mod file candidate C:\Users\UwU\.mcreator\gradle\caches\modules-2\files-2.1\software.bernie.geckolib\geckolib-neoforge-1.21.1\4.7\26fa1e18479656a92a0ba323a8c092eeade943c5\geckolib-neoforge-1.21.1-4.7.jar
[08Jul2025 04:48:52.739] [main/DEBUG] [net.neoforged.fml.loading.moddiscovery.ModFileInfo/LOADING]: Found valid mod file geckolib-neoforge-1.21.1-4.7.jar with {geckolib} mods - versions {4.7}
[08Jul2025 04:48:52.739] [main/DEBUG] [net.neoforged.fml.loading.moddiscovery.ModFile/LOADING]: Loading mod file C:\Users\UwU\.mcreator\gradle\caches\modules-2\files-2.1\software.bernie.geckolib\geckolib-neoforge-1.21.1\4.7\26fa1e18479656a92a0ba323a8c092eeade943c5\geckolib-neoforge-1.21.1-4.7.jar with languages [LanguageSpec[languageName=javafml, acceptedVersions=[4,)]]
[08Jul2025 04:48:52.740] [main/DEBUG] [net.neoforged.fml.loading.moddiscovery.ModFile/LOADING]: Found mixin config geckolib.mixins.json
[08Jul2025 04:48:52.740] [main/DEBUG] [net.neoforged.fml.loading.moddiscovery.ModFileParser/LOADING]: Considering mod file candidate C:\Users\UwU\.mcreator\gradle\caches\modules-2\files-2.1\dev.kosmx.player-anim\player-animation-lib-forge\2.0.0-alpha1+1.21\4e2d8ca95b7da05af4097f98a2d5b650ecce8800\player-animation-lib-forge-2.0.0-alpha1+1.21.jar
[08Jul2025 04:48:52.742] [main/DEBUG] [net.neoforged.fml.loading.moddiscovery.ModFileInfo/LOADING]: Found valid mod file player-animation-lib-forge-2.0.0-alpha1+1.21.jar with {playeranimator} mods - versions {2.0.0-alpha1+1.21}
[08Jul2025 04:48:52.742] [main/DEBUG] [net.neoforged.fml.loading.moddiscovery.ModFile/LOADING]: Loading mod file C:\Users\UwU\.mcreator\gradle\caches\modules-2\files-2.1\dev.kosmx.player-anim\player-animation-lib-forge\2.0.0-alpha1+1.21\4e2d8ca95b7da05af4097f98a2d5b650ecce8800\player-animation-lib-forge-2.0.0-alpha1+1.21.jar with languages [LanguageSpec[languageName=javafml, acceptedVersions=*]]
[08Jul2025 04:48:52.742] [main/DEBUG] [net.neoforged.fml.loading.moddiscovery.ModFile/LOADING]: Found mixin config playerAnimator-common.mixins.json
[08Jul2025 04:48:52.742] [main/DEBUG] [net.neoforged.fml.loading.moddiscovery.ModFileParser/LOADING]: Considering mod file candidate E:\Projects\Minecraft\Elementals\build\moddev\artifacts\neoforge-21.1.65-minecraft.jar
[08Jul2025 04:48:52.743] [main/DEBUG] [net.neoforged.fml.loading.moddiscovery.ModFileInfo/LOADING]: Found valid mod file neoforge-21.1.65-minecraft.jar with {neoforge} mods - versions {21.1.65}
[08Jul2025 04:48:52.743] [main/DEBUG] [net.neoforged.fml.loading.moddiscovery.ModFile/LOADING]: Loading mod file E:\Projects\Minecraft\Elementals\build\moddev\artifacts\neoforge-21.1.65-minecraft.jar with languages [LanguageSpec[languageName=javafml, acceptedVersions=[3,]]]
[08Jul2025 04:48:52.743] [main/DEBUG] [net.neoforged.fml.loading.moddiscovery.ModFile/LOADING]: Found mixin config neoforge.mixins.json
[08Jul2025 04:48:52.743] [main/DEBUG] [net.neoforged.fml.loading.moddiscovery.ModFileParser/LOADING]: Considering mod file candidate C:\Users\UwU\.mcreator\gradle\caches\modules-2\files-2.1\tn.naizo.jauml\jauml\1.0.3-neoforge-1.21.1\f1db320b7055e5af62cfc48452281dcba7a62677\jauml-1.0.3-neoforge-1.21.1.jar
[08Jul2025 04:48:52.744] [main/DEBUG] [net.neoforged.fml.loading.moddiscovery.ModFileInfo/LOADING]: Found valid mod file jauml-1.0.3-neoforge-1.21.1.jar with {jauml} mods - versions {1.0.3-neoforge-1.21.1}
[08Jul2025 04:48:52.746] [main/DEBUG] [net.neoforged.fml.loading.moddiscovery.ModFile/LOADING]: Loading mod file C:\Users\UwU\.mcreator\gradle\caches\modules-2\files-2.1\tn.naizo.jauml\jauml\1.0.3-neoforge-1.21.1\f1db320b7055e5af62cfc48452281dcba7a62677\jauml-1.0.3-neoforge-1.21.1.jar with languages [LanguageSpec[languageName=javafml, acceptedVersions=[4,)]]
[08Jul2025 04:48:52.746] [main/DEBUG] [net.neoforged.fml.loading.moddiscovery.ModFile/LOADING]: Loading mod file  with languages []
[08Jul2025 04:48:52.747] [main/DEBUG] [cpw.mods.modlauncher.TransformationServiceDecorator/MODLAUNCHER]: End scan trigger - transformation service fml
[08Jul2025 04:48:52.761] [main/DEBUG] [net.neoforged.fml.util.ServiceLoaderUtil/CORE]: Found 3 implementations of IModLanguageLoader:
[08Jul2025 04:48:52.762] [main/DEBUG] [net.neoforged.fml.util.ServiceLoaderUtil/CORE]: 	net.neoforged.fml.javafmlmod.FMLJavaModLanguageProvider from loader-4.0.24.jar
[08Jul2025 04:48:52.762] [main/DEBUG] [net.neoforged.fml.util.ServiceLoaderUtil/CORE]: 	net.neoforged.fml.lowcodemod.LowCodeModLanguageProvider from loader-4.0.24.jar
[08Jul2025 04:48:52.762] [main/DEBUG] [net.neoforged.fml.util.ServiceLoaderUtil/CORE]: 	net.neoforged.fml.mclanguageprovider.MinecraftModLanguageProvider from loader-4.0.24.jar
[08Jul2025 04:48:52.763] [main/DEBUG] [net.neoforged.fml.loading.LanguageProviderLoader/CORE]: Found language provider javafml, version 4.0.24
[08Jul2025 04:48:52.764] [main/DEBUG] [net.neoforged.fml.loading.LanguageProviderLoader/CORE]: Found language provider lowcodefml, version 4.0.24
[08Jul2025 04:48:52.764] [main/DEBUG] [net.neoforged.fml.loading.LanguageProviderLoader/CORE]: Found language provider minecraft, version 4.0.24
[08Jul2025 04:48:52.770] [main/DEBUG] [net.neoforged.fml.loading.ModSorter/]: Configured system mods: [minecraft, neoforge]
[08Jul2025 04:48:52.770] [main/DEBUG] [net.neoforged.fml.loading.ModSorter/]: Found system mod: minecraft
[08Jul2025 04:48:52.770] [main/DEBUG] [net.neoforged.fml.loading.ModSorter/]: Found system mod: neoforge
[08Jul2025 04:48:52.772] [main/DEBUG] [net.neoforged.fml.loading.ModSorter/LOADING]: Found 10 mod requirements (7 mandatory, 3 optional)
[08Jul2025 04:48:52.773] [main/DEBUG] [net.neoforged.fml.loading.ModSorter/LOADING]: Found 0 mod requirements missing (0 mandatory, 0 optional)
[08Jul2025 04:48:52.927] [main/DEBUG] [mixin/]: Adding mixin platform agents for container net.neoforged.fml.loading.mixin.FMLMixinContainerHandle@3701e6e4
[08Jul2025 04:48:52.928] [main/DEBUG] [mixin/]: Instancing new MixinPlatformAgentMinecraftForge for net.neoforged.fml.loading.mixin.FMLMixinContainerHandle@3701e6e4
[08Jul2025 04:48:52.928] [main/DEBUG] [mixin/]: MixinPlatformAgentMinecraftForge rejected container net.neoforged.fml.loading.mixin.FMLMixinContainerHandle@3701e6e4
[08Jul2025 04:48:52.928] [main/DEBUG] [mixin/]: Instancing new MixinPlatformAgentDefault for net.neoforged.fml.loading.mixin.FMLMixinContainerHandle@3701e6e4
[08Jul2025 04:48:52.928] [main/DEBUG] [mixin/]: MixinPlatformAgentDefault accepted container net.neoforged.fml.loading.mixin.FMLMixinContainerHandle@3701e6e4
[08Jul2025 04:48:52.928] [main/DEBUG] [mixin/]: Instancing new FMLMixinPlatformAgent for net.neoforged.fml.loading.mixin.FMLMixinContainerHandle@3701e6e4
[08Jul2025 04:48:52.928] [main/DEBUG] [mixin/]: FMLMixinPlatformAgent accepted container net.neoforged.fml.loading.mixin.FMLMixinContainerHandle@3701e6e4
[08Jul2025 04:48:52.937] [main/DEBUG] [cpw.mods.modlauncher.TransformationServicesHandler/MODLAUNCHER]: Transformation services loading transformers
[08Jul2025 04:48:52.937] [main/DEBUG] [cpw.mods.modlauncher.TransformationServiceDecorator/MODLAUNCHER]: Initializing transformers for transformation service mixin
[08Jul2025 04:48:52.938] [main/DEBUG] [cpw.mods.modlauncher.TransformationServiceDecorator/MODLAUNCHER]: Initialized transformers for transformation service mixin
[08Jul2025 04:48:52.938] [main/DEBUG] [cpw.mods.modlauncher.TransformationServiceDecorator/MODLAUNCHER]: Initializing transformers for transformation service fml
[08Jul2025 04:48:52.938] [main/DEBUG] [net.neoforged.fml.loading.FMLServiceProvider/LOADING]: Loading coremod transformers
[08Jul2025 04:48:52.939] [main/DEBUG] [net.neoforged.fml.loading.FMLServiceProvider/CORE]: Not loading coremod script-engine since no mod requested it
[08Jul2025 04:48:52.940] [main/DEBUG] [net.neoforged.fml.util.ServiceLoaderUtil/CORE]: Found 1 implementations of ICoreMod:
[08Jul2025 04:48:52.940] [main/DEBUG] [net.neoforged.fml.util.ServiceLoaderUtil/CORE]: 	net.neoforged.neoforge.coremods.NeoForgeCoreMod from neoforge-21.1.65-minecraft.jar > neoforge-coremods-21.1.65.jar
[08Jul2025 04:48:52.948] [main/DEBUG] [net.neoforged.fml.loading.FMLServiceProvider/CORE]: Adding [Target[className=net.minecraft.world.level.biome.Biome, elementName=, elementDescriptor=, targetType=cpw.mods.modlauncher.api.TargetType@4504d271]] transformer from core-mod net.neoforged.neoforge.coremods.NeoForgeCoreMod@2f1ea80d in neoforge-21.1.65-minecraft.jar > neoforge-coremods-21.1.65.jar
[08Jul2025 04:48:52.949] [main/DEBUG] [net.neoforged.fml.loading.FMLServiceProvider/CORE]: Adding [Target[className=net.minecraft.world.level.levelgen.structure.Structure, elementName=, elementDescriptor=, targetType=cpw.mods.modlauncher.api.TargetType@4504d271]] transformer from core-mod net.neoforged.neoforge.coremods.NeoForgeCoreMod@2f1ea80d in neoforge-21.1.65-minecraft.jar > neoforge-coremods-21.1.65.jar
[08Jul2025 04:48:52.949] [main/DEBUG] [net.neoforged.fml.loading.FMLServiceProvider/CORE]: Adding [Target[className=net.minecraft.world.level.block.FlowerPotBlock, elementName=, elementDescriptor=, targetType=cpw.mods.modlauncher.api.TargetType@4504d271]] transformer from core-mod net.neoforged.neoforge.coremods.NeoForgeCoreMod@2f1ea80d in neoforge-21.1.65-minecraft.jar > neoforge-coremods-21.1.65.jar
[08Jul2025 04:48:52.949] [main/DEBUG] [net.neoforged.fml.loading.FMLServiceProvider/CORE]: Adding [Target[className=net/minecraft/world/level/levelgen/structure/structures/SwampHutPiece, elementName=, elementDescriptor=, targetType=cpw.mods.modlauncher.api.TargetType@4504d271], Target[className=net/minecraft/world/entity/raid/Raid, elementName=, elementDescriptor=, targetType=cpw.mods.modlauncher.api.TargetType@4504d271], Target[className=net/minecraft/world/entity/monster/Evoker$EvokerSummonSpellGoal, elementName=, elementDescriptor=, targetType=cpw.mods.modlauncher.api.TargetType@4504d271], Target[className=net/minecraft/world/entity/EntityType, elementName=, elementDescriptor=, targetType=cpw.mods.modlauncher.api.TargetType@4504d271], Target[className=net/minecraft/world/entity/monster/Strider, elementName=, elementDescriptor=, targetType=cpw.mods.modlauncher.api.TargetType@4504d271], Target[className=net/minecraft/world/entity/npc/Villager, elementName=, elementDescriptor=, targetType=cpw.mods.modlauncher.api.TargetType@4504d271], Target[className=net/minecraft/world/entity/animal/frog/Tadpole, elementName=, elementDescriptor=, targetType=cpw.mods.modlauncher.api.TargetType@4504d271], Target[className=net/minecraft/world/entity/animal/horse/SkeletonTrapGoal, elementName=, elementDescriptor=, targetType=cpw.mods.modlauncher.api.TargetType@4504d271], Target[className=net/minecraft/server/commands/RaidCommand, elementName=, elementDescriptor=, targetType=cpw.mods.modlauncher.api.TargetType@4504d271], Target[className=net/minecraft/world/level/levelgen/structure/templatesystem/StructureTemplate, elementName=, elementDescriptor=, targetType=cpw.mods.modlauncher.api.TargetType@4504d271], Target[className=net/minecraft/world/level/levelgen/structure/structures/OceanRuinPieces$OceanRuinPiece, elementName=, elementDescriptor=, targetType=cpw.mods.modlauncher.api.TargetType@4504d271], Target[className=net/minecraft/world/level/levelgen/PatrolSpawner, elementName=, elementDescriptor=, targetType=cpw.mods.modlauncher.api.TargetType@4504d271], Target[className=net/minecraft/world/level/NaturalSpawner, elementName=, elementDescriptor=, targetType=cpw.mods.modlauncher.api.TargetType@4504d271], Target[className=net/minecraft/world/entity/ai/village/VillageSiege, elementName=, elementDescriptor=, targetType=cpw.mods.modlauncher.api.TargetType@4504d271], Target[className=net/minecraft/server/commands/SummonCommand, elementName=, elementDescriptor=, targetType=cpw.mods.modlauncher.api.TargetType@4504d271], Target[className=net/minecraft/world/level/levelgen/structure/structures/WoodlandMansionPieces$WoodlandMansionPiece, elementName=, elementDescriptor=, targetType=cpw.mods.modlauncher.api.TargetType@4504d271], Target[className=net/minecraft/world/level/levelgen/PhantomSpawner, elementName=, elementDescriptor=, targetType=cpw.mods.modlauncher.api.TargetType@4504d271], Target[className=net/minecraft/world/entity/npc/CatSpawner, elementName=, elementDescriptor=, targetType=cpw.mods.modlauncher.api.TargetType@4504d271], Target[className=net/minecraft/world/entity/monster/ZombieVillager, elementName=, elementDescriptor=, targetType=cpw.mods.modlauncher.api.TargetType@4504d271], Target[className=net/minecraft/world/entity/monster/Zombie, elementName=, elementDescriptor=, targetType=cpw.mods.modlauncher.api.TargetType@4504d271], Target[className=net/minecraft/world/level/levelgen/structure/structures/OceanMonumentPieces$OceanMonumentPiece, elementName=, elementDescriptor=, targetType=cpw.mods.modlauncher.api.TargetType@4504d271], Target[className=net/minecraft/world/entity/monster/Spider, elementName=, elementDescriptor=, targetType=cpw.mods.modlauncher.api.TargetType@4504d271]] transformer from core-mod net.neoforged.neoforge.coremods.NeoForgeCoreMod@2f1ea80d in neoforge-21.1.65-minecraft.jar > neoforge-coremods-21.1.65.jar
[08Jul2025 04:48:52.953] [main/DEBUG] [cpw.mods.modlauncher.TransformStore/MODLAUNCHER]: Adding transformer net.neoforged.neoforge.coremods.ReplaceFieldWithGetterAccess@6ac0b715 to Target : cpw.mods.modlauncher.api.TargetType@4504d271 {Lnet/minecraft/world/level/biome/Biome;} {} {V}
[08Jul2025 04:48:52.955] [main/DEBUG] [cpw.mods.modlauncher.TransformStore/MODLAUNCHER]: Adding transformer net.neoforged.neoforge.coremods.ReplaceFieldWithGetterAccess@31da3d60 to Target : cpw.mods.modlauncher.api.TargetType@4504d271 {Lnet/minecraft/world/level/levelgen/structure/Structure;} {} {V}
[08Jul2025 04:48:52.955] [main/DEBUG] [cpw.mods.modlauncher.TransformStore/MODLAUNCHER]: Adding transformer net.neoforged.neoforge.coremods.ReplaceFieldWithGetterAccess@60acd609 to Target : cpw.mods.modlauncher.api.TargetType@4504d271 {Lnet/minecraft/world/level/block/FlowerPotBlock;} {} {V}
[08Jul2025 04:48:52.955] [main/DEBUG] [cpw.mods.modlauncher.TransformStore/MODLAUNCHER]: Adding transformer net.neoforged.neoforge.coremods.MethodRedirector@65ec8b24 to Target : cpw.mods.modlauncher.api.TargetType@4504d271 {Lnet/minecraft/world/level/levelgen/structure/structures/SwampHutPiece;} {} {V}
[08Jul2025 04:48:52.955] [main/DEBUG] [cpw.mods.modlauncher.TransformStore/MODLAUNCHER]: Adding transformer net.neoforged.neoforge.coremods.MethodRedirector@65ec8b24 to Target : cpw.mods.modlauncher.api.TargetType@4504d271 {Lnet/minecraft/world/entity/raid/Raid;} {} {V}
[08Jul2025 04:48:52.955] [main/DEBUG] [cpw.mods.modlauncher.TransformStore/MODLAUNCHER]: Adding transformer net.neoforged.neoforge.coremods.MethodRedirector@65ec8b24 to Target : cpw.mods.modlauncher.api.TargetType@4504d271 {Lnet/minecraft/world/entity/monster/Evoker$EvokerSummonSpellGoal;} {} {V}
[08Jul2025 04:48:52.955] [main/DEBUG] [cpw.mods.modlauncher.TransformStore/MODLAUNCHER]: Adding transformer net.neoforged.neoforge.coremods.MethodRedirector@65ec8b24 to Target : cpw.mods.modlauncher.api.TargetType@4504d271 {Lnet/minecraft/world/entity/EntityType;} {} {V}
[08Jul2025 04:48:52.955] [main/DEBUG] [cpw.mods.modlauncher.TransformStore/MODLAUNCHER]: Adding transformer net.neoforged.neoforge.coremods.MethodRedirector@65ec8b24 to Target : cpw.mods.modlauncher.api.TargetType@4504d271 {Lnet/minecraft/world/entity/monster/Strider;} {} {V}
[08Jul2025 04:48:52.955] [main/DEBUG] [cpw.mods.modlauncher.TransformStore/MODLAUNCHER]: Adding transformer net.neoforged.neoforge.coremods.MethodRedirector@65ec8b24 to Target : cpw.mods.modlauncher.api.TargetType@4504d271 {Lnet/minecraft/world/entity/npc/Villager;} {} {V}
[08Jul2025 04:48:52.955] [main/DEBUG] [cpw.mods.modlauncher.TransformStore/MODLAUNCHER]: Adding transformer net.neoforged.neoforge.coremods.MethodRedirector@65ec8b24 to Target : cpw.mods.modlauncher.api.TargetType@4504d271 {Lnet/minecraft/world/entity/animal/frog/Tadpole;} {} {V}
[08Jul2025 04:48:52.955] [main/DEBUG] [cpw.mods.modlauncher.TransformStore/MODLAUNCHER]: Adding transformer net.neoforged.neoforge.coremods.MethodRedirector@65ec8b24 to Target : cpw.mods.modlauncher.api.TargetType@4504d271 {Lnet/minecraft/world/entity/animal/horse/SkeletonTrapGoal;} {} {V}
[08Jul2025 04:48:52.955] [main/DEBUG] [cpw.mods.modlauncher.TransformStore/MODLAUNCHER]: Adding transformer net.neoforged.neoforge.coremods.MethodRedirector@65ec8b24 to Target : cpw.mods.modlauncher.api.TargetType@4504d271 {Lnet/minecraft/server/commands/RaidCommand;} {} {V}
[08Jul2025 04:48:52.956] [main/DEBUG] [cpw.mods.modlauncher.TransformStore/MODLAUNCHER]: Adding transformer net.neoforged.neoforge.coremods.MethodRedirector@65ec8b24 to Target : cpw.mods.modlauncher.api.TargetType@4504d271 {Lnet/minecraft/world/level/levelgen/structure/templatesystem/StructureTemplate;} {} {V}
[08Jul2025 04:48:52.956] [main/DEBUG] [cpw.mods.modlauncher.TransformStore/MODLAUNCHER]: Adding transformer net.neoforged.neoforge.coremods.MethodRedirector@65ec8b24 to Target : cpw.mods.modlauncher.api.TargetType@4504d271 {Lnet/minecraft/world/level/levelgen/structure/structures/OceanRuinPieces$OceanRuinPiece;} {} {V}
[08Jul2025 04:48:52.956] [main/DEBUG] [cpw.mods.modlauncher.TransformStore/MODLAUNCHER]: Adding transformer net.neoforged.neoforge.coremods.MethodRedirector@65ec8b24 to Target : cpw.mods.modlauncher.api.TargetType@4504d271 {Lnet/minecraft/world/level/levelgen/PatrolSpawner;} {} {V}
[08Jul2025 04:48:52.956] [main/DEBUG] [cpw.mods.modlauncher.TransformStore/MODLAUNCHER]: Adding transformer net.neoforged.neoforge.coremods.MethodRedirector@65ec8b24 to Target : cpw.mods.modlauncher.api.TargetType@4504d271 {Lnet/minecraft/world/level/NaturalSpawner;} {} {V}
[08Jul2025 04:48:52.957] [main/DEBUG] [cpw.mods.modlauncher.TransformStore/MODLAUNCHER]: Adding transformer net.neoforged.neoforge.coremods.MethodRedirector@65ec8b24 to Target : cpw.mods.modlauncher.api.TargetType@4504d271 {Lnet/minecraft/world/entity/ai/village/VillageSiege;} {} {V}
[08Jul2025 04:48:52.957] [main/DEBUG] [cpw.mods.modlauncher.TransformStore/MODLAUNCHER]: Adding transformer net.neoforged.neoforge.coremods.MethodRedirector@65ec8b24 to Target : cpw.mods.modlauncher.api.TargetType@4504d271 {Lnet/minecraft/server/commands/SummonCommand;} {} {V}
[08Jul2025 04:48:52.957] [main/DEBUG] [cpw.mods.modlauncher.TransformStore/MODLAUNCHER]: Adding transformer net.neoforged.neoforge.coremods.MethodRedirector@65ec8b24 to Target : cpw.mods.modlauncher.api.TargetType@4504d271 {Lnet/minecraft/world/level/levelgen/structure/structures/WoodlandMansionPieces$WoodlandMansionPiece;} {} {V}
[08Jul2025 04:48:52.957] [main/DEBUG] [cpw.mods.modlauncher.TransformStore/MODLAUNCHER]: Adding transformer net.neoforged.neoforge.coremods.MethodRedirector@65ec8b24 to Target : cpw.mods.modlauncher.api.TargetType@4504d271 {Lnet/minecraft/world/level/levelgen/PhantomSpawner;} {} {V}
[08Jul2025 04:48:52.957] [main/DEBUG] [cpw.mods.modlauncher.TransformStore/MODLAUNCHER]: Adding transformer net.neoforged.neoforge.coremods.MethodRedirector@65ec8b24 to Target : cpw.mods.modlauncher.api.TargetType@4504d271 {Lnet/minecraft/world/entity/npc/CatSpawner;} {} {V}
[08Jul2025 04:48:52.957] [main/DEBUG] [cpw.mods.modlauncher.TransformStore/MODLAUNCHER]: Adding transformer net.neoforged.neoforge.coremods.MethodRedirector@65ec8b24 to Target : cpw.mods.modlauncher.api.TargetType@4504d271 {Lnet/minecraft/world/entity/monster/ZombieVillager;} {} {V}
[08Jul2025 04:48:52.958] [main/DEBUG] [cpw.mods.modlauncher.TransformStore/MODLAUNCHER]: Adding transformer net.neoforged.neoforge.coremods.MethodRedirector@65ec8b24 to Target : cpw.mods.modlauncher.api.TargetType@4504d271 {Lnet/minecraft/world/entity/monster/Zombie;} {} {V}
[08Jul2025 04:48:52.958] [main/DEBUG] [cpw.mods.modlauncher.TransformStore/MODLAUNCHER]: Adding transformer net.neoforged.neoforge.coremods.MethodRedirector@65ec8b24 to Target : cpw.mods.modlauncher.api.TargetType@4504d271 {Lnet/minecraft/world/level/levelgen/structure/structures/OceanMonumentPieces$OceanMonumentPiece;} {} {V}
[08Jul2025 04:48:52.958] [main/DEBUG] [cpw.mods.modlauncher.TransformStore/MODLAUNCHER]: Adding transformer net.neoforged.neoforge.coremods.MethodRedirector@65ec8b24 to Target : cpw.mods.modlauncher.api.TargetType@4504d271 {Lnet/minecraft/world/entity/monster/Spider;} {} {V}
[08Jul2025 04:48:52.959] [main/DEBUG] [cpw.mods.modlauncher.TransformationServiceDecorator/MODLAUNCHER]: Initialized transformers for transformation service fml
[08Jul2025 04:48:53.436] [main/DEBUG] [mixin/]: Processing prepare() for PlatformAgent[MixinPlatformAgentDefault:ModLauncher Root Container(ModLauncher:4f56a0a2)]
[08Jul2025 04:48:53.436] [main/DEBUG] [mixin/]: Processing prepare() for PlatformAgent[MixinPlatformAgentDefault:net.neoforged.fml.loading.mixin.FMLMixinContainerHandle@3701e6e4]
[08Jul2025 04:48:53.436] [main/DEBUG] [mixin/]: Processing prepare() for PlatformAgent[FMLMixinPlatformAgent:null]
[08Jul2025 04:48:53.466] [main/DEBUG] [mixin/]: Compatibility level JAVA_17 specified by geckolib.mixins.json is higher than the maximum level supported by this version of mixin (JAVA_13).
[08Jul2025 04:48:53.472] [main/INFO] [mixin/]: Compatibility level set to JAVA_17
[08Jul2025 04:48:53.474] [main/DEBUG] [mixin/]: Compatibility level JAVA_16 specified by playerAnimator-common.mixins.json is higher than the maximum level supported by this version of mixin (JAVA_13).
[08Jul2025 04:48:53.475] [main/DEBUG] [mixin/]: Processing launch tasks for PlatformAgent[MixinPlatformAgentDefault:ModLauncher Root Container(ModLauncher:4f56a0a2)]
[08Jul2025 04:48:53.476] [main/DEBUG] [mixin/]: Adding mixin platform agents for container SecureJarResource(mixin_synthetic)
[08Jul2025 04:48:53.476] [main/DEBUG] [mixin/]: Instancing new MixinPlatformAgentMinecraftForge for SecureJarResource(mixin_synthetic)
[08Jul2025 04:48:53.476] [main/DEBUG] [mixin/]: MixinPlatformAgentMinecraftForge rejected container SecureJarResource(mixin_synthetic)
[08Jul2025 04:48:53.476] [main/DEBUG] [mixin/]: Instancing new MixinPlatformAgentDefault for SecureJarResource(mixin_synthetic)
[08Jul2025 04:48:53.476] [main/DEBUG] [mixin/]: MixinPlatformAgentDefault accepted container SecureJarResource(mixin_synthetic)
[08Jul2025 04:48:53.476] [main/DEBUG] [mixin/]: Instancing new FMLMixinPlatformAgent for SecureJarResource(mixin_synthetic)
[08Jul2025 04:48:53.476] [main/DEBUG] [mixin/]: FMLMixinPlatformAgent rejected container SecureJarResource(mixin_synthetic)
[08Jul2025 04:48:53.476] [main/DEBUG] [mixin/]: Processing prepare() for PlatformAgent[MixinPlatformAgentDefault:SecureJarResource(mixin_synthetic)]
[08Jul2025 04:48:53.477] [main/DEBUG] [mixin/]: Adding mixin platform agents for container SecureJarResource(minecraft)
[08Jul2025 04:48:53.477] [main/DEBUG] [mixin/]: Instancing new MixinPlatformAgentMinecraftForge for SecureJarResource(minecraft)
[08Jul2025 04:48:53.477] [main/DEBUG] [mixin/]: MixinPlatformAgentMinecraftForge rejected container SecureJarResource(minecraft)
[08Jul2025 04:48:53.477] [main/DEBUG] [mixin/]: Instancing new MixinPlatformAgentDefault for SecureJarResource(minecraft)
[08Jul2025 04:48:53.477] [main/DEBUG] [mixin/]: MixinPlatformAgentDefault accepted container SecureJarResource(minecraft)
[08Jul2025 04:48:53.477] [main/DEBUG] [mixin/]: Instancing new FMLMixinPlatformAgent for SecureJarResource(minecraft)
[08Jul2025 04:48:53.478] [main/DEBUG] [mixin/]: FMLMixinPlatformAgent rejected container SecureJarResource(minecraft)
[08Jul2025 04:48:53.478] [main/DEBUG] [mixin/]: Processing prepare() for PlatformAgent[MixinPlatformAgentDefault:SecureJarResource(minecraft)]
[08Jul2025 04:48:53.478] [main/DEBUG] [mixin/]: Adding mixin platform agents for container SecureJarResource(geckolib)
[08Jul2025 04:48:53.478] [main/DEBUG] [mixin/]: Instancing new MixinPlatformAgentMinecraftForge for SecureJarResource(geckolib)
[08Jul2025 04:48:53.478] [main/DEBUG] [mixin/]: MixinPlatformAgentMinecraftForge rejected container SecureJarResource(geckolib)
[08Jul2025 04:48:53.478] [main/DEBUG] [mixin/]: Instancing new MixinPlatformAgentDefault for SecureJarResource(geckolib)
[08Jul2025 04:48:53.478] [main/DEBUG] [mixin/]: MixinPlatformAgentDefault accepted container SecureJarResource(geckolib)
[08Jul2025 04:48:53.478] [main/DEBUG] [mixin/]: Instancing new FMLMixinPlatformAgent for SecureJarResource(geckolib)
[08Jul2025 04:48:53.478] [main/DEBUG] [mixin/]: FMLMixinPlatformAgent rejected container SecureJarResource(geckolib)
[08Jul2025 04:48:53.478] [main/DEBUG] [mixin/]: Processing prepare() for PlatformAgent[MixinPlatformAgentDefault:SecureJarResource(geckolib)]
[08Jul2025 04:48:53.478] [main/DEBUG] [mixin/]: Registering mixin config: geckolib.mixins.json source=SecureJarResource(geckolib)
[08Jul2025 04:48:53.478] [main/DEBUG] [mixin/]: Adding mixin platform agents for container SecureJarResource(playeranimator)
[08Jul2025 04:48:53.478] [main/DEBUG] [mixin/]: Instancing new MixinPlatformAgentMinecraftForge for SecureJarResource(playeranimator)
[08Jul2025 04:48:53.479] [main/DEBUG] [mixin/]: MixinPlatformAgentMinecraftForge rejected container SecureJarResource(playeranimator)
[08Jul2025 04:48:53.479] [main/DEBUG] [mixin/]: Instancing new MixinPlatformAgentDefault for SecureJarResource(playeranimator)
[08Jul2025 04:48:53.479] [main/DEBUG] [mixin/]: MixinPlatformAgentDefault accepted container SecureJarResource(playeranimator)
[08Jul2025 04:48:53.479] [main/DEBUG] [mixin/]: Instancing new FMLMixinPlatformAgent for SecureJarResource(playeranimator)
[08Jul2025 04:48:53.479] [main/DEBUG] [mixin/]: FMLMixinPlatformAgent rejected container SecureJarResource(playeranimator)
[08Jul2025 04:48:53.479] [main/DEBUG] [mixin/]: Processing prepare() for PlatformAgent[MixinPlatformAgentDefault:SecureJarResource(playeranimator)]
[08Jul2025 04:48:53.479] [main/DEBUG] [mixin/]: Adding mixin platform agents for container SecureJarResource(elementals)
[08Jul2025 04:48:53.479] [main/DEBUG] [mixin/]: Instancing new MixinPlatformAgentMinecraftForge for SecureJarResource(elementals)
[08Jul2025 04:48:53.479] [main/DEBUG] [mixin/]: MixinPlatformAgentMinecraftForge rejected container SecureJarResource(elementals)
[08Jul2025 04:48:53.479] [main/DEBUG] [mixin/]: Instancing new MixinPlatformAgentDefault for SecureJarResource(elementals)
[08Jul2025 04:48:53.479] [main/DEBUG] [mixin/]: MixinPlatformAgentDefault accepted container SecureJarResource(elementals)
[08Jul2025 04:48:53.479] [main/DEBUG] [mixin/]: Instancing new FMLMixinPlatformAgent for SecureJarResource(elementals)
[08Jul2025 04:48:53.479] [main/DEBUG] [mixin/]: FMLMixinPlatformAgent rejected container SecureJarResource(elementals)
[08Jul2025 04:48:53.479] [main/DEBUG] [mixin/]: Processing prepare() for PlatformAgent[MixinPlatformAgentDefault:SecureJarResource(elementals)]
[08Jul2025 04:48:53.479] [main/DEBUG] [mixin/]: Adding mixin platform agents for container SecureJarResource(jauml)
[08Jul2025 04:48:53.480] [main/DEBUG] [mixin/]: Instancing new MixinPlatformAgentMinecraftForge for SecureJarResource(jauml)
[08Jul2025 04:48:53.480] [main/DEBUG] [mixin/]: MixinPlatformAgentMinecraftForge rejected container SecureJarResource(jauml)
[08Jul2025 04:48:53.480] [main/DEBUG] [mixin/]: Instancing new MixinPlatformAgentDefault for SecureJarResource(jauml)
[08Jul2025 04:48:53.480] [main/DEBUG] [mixin/]: MixinPlatformAgentDefault accepted container SecureJarResource(jauml)
[08Jul2025 04:48:53.480] [main/DEBUG] [mixin/]: Instancing new FMLMixinPlatformAgent for SecureJarResource(jauml)
[08Jul2025 04:48:53.480] [main/DEBUG] [mixin/]: FMLMixinPlatformAgent rejected container SecureJarResource(jauml)
[08Jul2025 04:48:53.480] [main/DEBUG] [mixin/]: Processing prepare() for PlatformAgent[MixinPlatformAgentDefault:SecureJarResource(jauml)]
[08Jul2025 04:48:53.480] [main/DEBUG] [mixin/]: Adding mixin platform agents for container SecureJarResource(mixinextras.neoforge)
[08Jul2025 04:48:53.480] [main/DEBUG] [mixin/]: Instancing new MixinPlatformAgentMinecraftForge for SecureJarResource(mixinextras.neoforge)
[08Jul2025 04:48:53.480] [main/DEBUG] [mixin/]: MixinPlatformAgentMinecraftForge rejected container SecureJarResource(mixinextras.neoforge)
[08Jul2025 04:48:53.480] [main/DEBUG] [mixin/]: Instancing new MixinPlatformAgentDefault for SecureJarResource(mixinextras.neoforge)
[08Jul2025 04:48:53.480] [main/DEBUG] [mixin/]: MixinPlatformAgentDefault accepted container SecureJarResource(mixinextras.neoforge)
[08Jul2025 04:48:53.480] [main/DEBUG] [mixin/]: Instancing new FMLMixinPlatformAgent for SecureJarResource(mixinextras.neoforge)
[08Jul2025 04:48:53.480] [main/DEBUG] [mixin/]: FMLMixinPlatformAgent rejected container SecureJarResource(mixinextras.neoforge)
[08Jul2025 04:48:53.481] [main/DEBUG] [mixin/]: Processing prepare() for PlatformAgent[MixinPlatformAgentDefault:SecureJarResource(mixinextras.neoforge)]
[08Jul2025 04:48:53.481] [main/DEBUG] [mixin/]: Registering mixin config: mixinextras.init.mixins.json source=SecureJarResource(mixinextras.neoforge)
[08Jul2025 04:48:53.483] [main/DEBUG] [mixin/]: inject() running with 9 agents
[08Jul2025 04:48:53.483] [main/DEBUG] [mixin/]: Processing inject() for PlatformAgent[MixinPlatformAgentDefault:ModLauncher Root Container(ModLauncher:4f56a0a2)]
[08Jul2025 04:48:53.483] [main/DEBUG] [mixin/]: Processing inject() for PlatformAgent[MixinPlatformAgentDefault:net.neoforged.fml.loading.mixin.FMLMixinContainerHandle@3701e6e4]
[08Jul2025 04:48:53.483] [main/DEBUG] [mixin/]: Processing inject() for PlatformAgent[FMLMixinPlatformAgent:null]
[08Jul2025 04:48:53.483] [main/DEBUG] [mixin/]: Processing inject() for PlatformAgent[MixinPlatformAgentDefault:SecureJarResource(mixin_synthetic)]
[08Jul2025 04:48:53.483] [main/DEBUG] [mixin/]: Processing inject() for PlatformAgent[MixinPlatformAgentDefault:SecureJarResource(minecraft)]
[08Jul2025 04:48:53.483] [main/DEBUG] [mixin/]: Processing inject() for PlatformAgent[MixinPlatformAgentDefault:SecureJarResource(geckolib)]
[08Jul2025 04:48:53.483] [main/DEBUG] [mixin/]: Processing inject() for PlatformAgent[MixinPlatformAgentDefault:SecureJarResource(playeranimator)]
[08Jul2025 04:48:53.483] [main/DEBUG] [mixin/]: Processing inject() for PlatformAgent[MixinPlatformAgentDefault:SecureJarResource(elementals)]
[08Jul2025 04:48:53.483] [main/DEBUG] [mixin/]: Processing inject() for PlatformAgent[MixinPlatformAgentDefault:SecureJarResource(jauml)]
[08Jul2025 04:48:53.483] [main/DEBUG] [mixin/]: Processing inject() for PlatformAgent[MixinPlatformAgentDefault:SecureJarResource(mixinextras.neoforge)]
[08Jul2025 04:48:53.484] [main/INFO] [cpw.mods.modlauncher.LaunchServiceHandler/MODLAUNCHER]: Launching target 'forgeclientuserdev' with arguments [--version, 21.1.65, --gameDir, ., --assetsDir, C:\Users\UwU\.mcreator\gradle\caches\neoformruntime\assets, --assetIndex, 17]
[08Jul2025 04:48:53.515] [main/DEBUG] [mixin/]: Preparing mixins for MixinEnvironment[DEFAULT]
[08Jul2025 04:48:53.516] [main/DEBUG] [mixin/]: Selecting config geckolib.mixins.json
[08Jul2025 04:48:53.519] [main/WARN] [mixin/]: Reference map 'geckolib.refmap.json' for geckolib.mixins.json could not be read. If this is a development environment you can ignore this message
[08Jul2025 04:48:53.519] [main/DEBUG] [mixin/]: Selecting config playerAnimator-common.mixins.json
[08Jul2025 04:48:53.524] [main/DEBUG] [mixin/]: Selecting config neoforge.mixins.json
[08Jul2025 04:48:53.524] [main/DEBUG] [mixin/]: Selecting config mixinextras.init.mixins.json
[08Jul2025 04:48:53.551] [main/DEBUG] [MixinExtras|Service/]: com.llamalad7.mixinextras.service.MixinExtrasServiceImpl(version=0.4.1) is taking over from null
[08Jul2025 04:48:53.578] [main/DEBUG] [mixin/]: Registering new injector for @Inject with org.spongepowered.asm.mixin.injection.struct.CallbackInjectionInfo
[08Jul2025 04:48:53.580] [main/DEBUG] [mixin/]: Registering new injector for @ModifyArg with org.spongepowered.asm.mixin.injection.struct.ModifyArgInjectionInfo
[08Jul2025 04:48:53.581] [main/DEBUG] [mixin/]: Registering new injector for @ModifyArgs with org.spongepowered.asm.mixin.injection.struct.ModifyArgsInjectionInfo
[08Jul2025 04:48:53.581] [main/DEBUG] [mixin/]: Registering new injector for @Redirect with org.spongepowered.asm.mixin.injection.struct.RedirectInjectionInfo
[08Jul2025 04:48:53.582] [main/DEBUG] [mixin/]: Registering new injector for @ModifyVariable with org.spongepowered.asm.mixin.injection.struct.ModifyVariableInjectionInfo
[08Jul2025 04:48:53.582] [main/DEBUG] [mixin/]: Registering new injector for @ModifyConstant with org.spongepowered.asm.mixin.injection.struct.ModifyConstantInjectionInfo
[08Jul2025 04:48:53.592] [main/DEBUG] [mixin/]: Preparing geckolib.mixins.json (4)
[08Jul2025 04:48:53.684] [main/DEBUG] [mixin/]: Preparing playerAnimator-common.mixins.json (15)
[08Jul2025 04:48:53.751] [main/DEBUG] [mixin/]: Preparing neoforge.mixins.json (2)
[08Jul2025 04:48:53.759] [main/DEBUG] [mixin/]: Preparing mixinextras.init.mixins.json (0)
[08Jul2025 04:48:53.775] [main/DEBUG] [mixin/]: Prepared 20 mixins in 0.258 sec (12.9ms avg) (0ms load, 0ms transform, 0ms plugin)
[08Jul2025 04:48:53.945] [main/DEBUG] [io.netty.util.internal.logging.InternalLoggerFactory/]: Using SLF4J as the default logging framework
[08Jul2025 04:48:53.947] [main/DEBUG] [io.netty.util.ResourceLeakDetector/]: -Dio.netty.leakDetection.level: simple
[08Jul2025 04:48:53.947] [main/DEBUG] [io.netty.util.ResourceLeakDetector/]: -Dio.netty.leakDetection.targetRecords: 4
[08Jul2025 04:48:54.917] [main/DEBUG] [oshi.util.FileUtil/]: No oshi.properties file found from ClassLoader cpw.mods.modlauncher.TransformingClassLoader@7a8136b3
[08Jul2025 04:48:55.246] [Datafixer Bootstrap/INFO] [com.mojang.datafixers.DataFixerBuilder/]: 229 Datafixer optimizations took 358 milliseconds
[08Jul2025 04:48:55.319] [main/DEBUG] [oshi.util.FileUtil/]: No oshi.architecture.properties file found from ClassLoader cpw.mods.modlauncher.TransformingClassLoader@7a8136b3
[08Jul2025 04:48:55.402] [pool-10-thread-1/INFO] [MixinExtras|Service/]: Initializing MixinExtras via com.llamalad7.mixinextras.service.MixinExtrasServiceImpl(version=0.4.1).
[08Jul2025 04:48:55.403] [pool-10-thread-1/DEBUG] [mixin/]: Registering new injector for @SugarWrapper with com.llamalad7.mixinextras.sugar.impl.SugarWrapperInjectionInfo
[08Jul2025 04:48:55.403] [pool-10-thread-1/DEBUG] [mixin/]: Registering new injector for @FactoryRedirectWrapper with com.llamalad7.mixinextras.wrapper.factory.FactoryRedirectWrapperInjectionInfo
[08Jul2025 04:48:55.406] [pool-10-thread-1/DEBUG] [mixin/]: Mixing MappedRegistryAccessor from neoforge.mixins.json into net.minecraft.core.MappedRegistry
[08Jul2025 04:48:55.409] [pool-10-thread-1/DEBUG] [mixin/]: neoforge.mixins.json:MappedRegistryAccessor from mod neoforge: Class version 65 required is higher than the class version supported by the current version of Mixin (JAVA_17 supports class version 61)
[08Jul2025 04:48:55.542] [pool-10-thread-1/DEBUG] [mixin/]: Mixing PlayerEntityMixin from playerAnimator-common.mixins.json into net.minecraft.world.entity.player.Player
[08Jul2025 04:48:55.598] [pool-10-thread-1/DEBUG] [mixin/]: playerAnimator-common.mixins.json:PlayerEntityMixin from mod playeranimator: Class version 65 required is higher than the class version supported by the current version of Mixin (JAVA_16 supports class version 60)
[08Jul2025 04:48:55.675] [pool-10-thread-1/DEBUG] [mixin/]: playerAnimator-common.mixins.json:PlayerEntityMixin from mod playeranimator->@Inject::tick(Lorg/spongepowered/asm/mixin/injection/callback/CallbackInfo;)V doesn't use it's CallbackInfo
[08Jul2025 04:48:55.675] [pool-10-thread-1/DEBUG] [mixin/]: playerAnimator-common.mixins.json:PlayerEntityMixin from mod playeranimator->@Inject::tick(Lorg/spongepowered/asm/mixin/injection/callback/CallbackInfo;)V has 0 override(s) in child classes
[08Jul2025 04:48:55.675] [pool-10-thread-1/DEBUG] [mixin/]: playerAnimator-common.mixins.json:PlayerEntityMixin from mod playeranimator->@Inject::tick(Lorg/spongepowered/asm/mixin/injection/callback/CallbackInfo;)V won't be passed a CallbackInfo as a result
[08Jul2025 04:48:56.521] [pool-10-thread-1/DEBUG] [mixin/]: Mixing BlockEntityTypeAccessor from neoforge.mixins.json into net.minecraft.world.level.block.entity.BlockEntityType
[08Jul2025 04:48:56.521] [pool-10-thread-1/DEBUG] [mixin/]: neoforge.mixins.json:BlockEntityTypeAccessor from mod neoforge: Class version 65 required is higher than the class version supported by the current version of Mixin (JAVA_17 supports class version 61)
[08Jul2025 04:48:57.777] [pool-10-thread-1/DEBUG] [io.netty.util.internal.PlatformDependent0/]: -Dio.netty.noUnsafe: false
[08Jul2025 04:48:57.777] [pool-10-thread-1/DEBUG] [io.netty.util.internal.PlatformDependent0/]: Java version: 21
[08Jul2025 04:48:57.778] [pool-10-thread-1/DEBUG] [io.netty.util.internal.PlatformDependent0/]: sun.misc.Unsafe.theUnsafe: available
[08Jul2025 04:48:57.779] [pool-10-thread-1/DEBUG] [io.netty.util.internal.PlatformDependent0/]: sun.misc.Unsafe.copyMemory: available
[08Jul2025 04:48:57.779] [pool-10-thread-1/DEBUG] [io.netty.util.internal.PlatformDependent0/]: sun.misc.Unsafe.storeFence: available
[08Jul2025 04:48:57.779] [pool-10-thread-1/DEBUG] [io.netty.util.internal.PlatformDependent0/]: java.nio.Buffer.address: available
[08Jul2025 04:48:57.779] [pool-10-thread-1/DEBUG] [io.netty.util.internal.PlatformDependent0/]: direct buffer constructor: unavailable: Reflective setAccessible(true) disabled
[08Jul2025 04:48:57.780] [pool-10-thread-1/DEBUG] [io.netty.util.internal.PlatformDependent0/]: java.nio.Bits.unaligned: available, true
[08Jul2025 04:48:57.781] [pool-10-thread-1/DEBUG] [io.netty.util.internal.PlatformDependent0/]: jdk.internal.misc.Unsafe.allocateUninitializedArray(int): unavailable: class io.netty.util.internal.PlatformDependent0$7 (in module io.netty.common) cannot access class jdk.internal.misc.Unsafe (in module java.base) because module java.base does not export jdk.internal.misc to module io.netty.common
[08Jul2025 04:48:57.781] [pool-10-thread-1/DEBUG] [io.netty.util.internal.PlatformDependent0/]: java.nio.DirectByteBuffer.<init>(long, {int,long}): unavailable
[08Jul2025 04:48:57.782] [pool-10-thread-1/DEBUG] [io.netty.util.internal.PlatformDependent/]: sun.misc.Unsafe: available
[08Jul2025 04:48:57.782] [pool-10-thread-1/DEBUG] [io.netty.util.internal.PlatformDependent/]: maxDirectMemory: 4282384384 bytes (maybe)
[08Jul2025 04:48:57.783] [pool-10-thread-1/DEBUG] [io.netty.util.internal.PlatformDependent/]: -Dio.netty.tmpdir: C:\Users\UwU\AppData\Local\Temp (java.io.tmpdir)
[08Jul2025 04:48:57.783] [pool-10-thread-1/DEBUG] [io.netty.util.internal.PlatformDependent/]: -Dio.netty.bitMode: 64 (sun.arch.data.model)
[08Jul2025 04:48:57.783] [pool-10-thread-1/DEBUG] [io.netty.util.internal.PlatformDependent/]: Platform: Windows
[08Jul2025 04:48:57.784] [pool-10-thread-1/DEBUG] [io.netty.util.internal.PlatformDependent/]: -Dio.netty.maxDirectMemory: -1 bytes
[08Jul2025 04:48:57.784] [pool-10-thread-1/DEBUG] [io.netty.util.internal.PlatformDependent/]: -Dio.netty.uninitializedArrayAllocationThreshold: -1
[08Jul2025 04:48:57.784] [pool-10-thread-1/DEBUG] [io.netty.util.internal.CleanerJava9/]: java.nio.ByteBuffer.cleaner(): available
[08Jul2025 04:48:57.784] [pool-10-thread-1/DEBUG] [io.netty.util.internal.PlatformDependent/]: -Dio.netty.noPreferDirect: false
[08Jul2025 04:49:00.984] [main/WARN] [net.minecraft.commands.Commands/]: Ambiguity between arguments [teleport, location] and [teleport, destination] with inputs: [0.1 -0.5 .9, 0 0 0]
[08Jul2025 04:49:00.987] [main/WARN] [net.minecraft.commands.Commands/]: Ambiguity between arguments [teleport, location] and [teleport, targets] with inputs: [0.1 -0.5 .9, 0 0 0]
[08Jul2025 04:49:00.990] [main/WARN] [net.minecraft.commands.Commands/]: Ambiguity between arguments [teleport, destination] and [teleport, targets] with inputs: [Player, 0123, @e, dd12be42-52a9-4a91-a8a1-11c01849e498]
[08Jul2025 04:49:00.992] [main/WARN] [net.minecraft.commands.Commands/]: Ambiguity between arguments [teleport, targets] and [teleport, destination] with inputs: [Player, 0123, dd12be42-52a9-4a91-a8a1-11c01849e498]
[08Jul2025 04:49:00.993] [main/WARN] [net.minecraft.commands.Commands/]: Ambiguity between arguments [teleport, targets, location] and [teleport, targets, destination] with inputs: [0.1 -0.5 .9, 0 0 0]
[08Jul2025 04:49:01.141] [Render thread/WARN] [net.minecraft.server.packs.VanillaPackResourcesBuilder/]: Assets URL 'union:/E:/Projects/Minecraft/Elementals/build/moddev/artifacts/neoforge-21.1.65-minecraft.jar%23183!/assets/.mcassetsroot' uses unexpected schema
[08Jul2025 04:49:01.144] [Render thread/WARN] [net.minecraft.server.packs.VanillaPackResourcesBuilder/]: Assets URL 'union:/E:/Projects/Minecraft/Elementals/build/moddev/artifacts/neoforge-21.1.65-minecraft.jar%23183!/data/.mcassetsroot' uses unexpected schema
[08Jul2025 04:49:01.182] [Render thread/INFO] [com.mojang.authlib.yggdrasil.YggdrasilAuthenticationService/]: Environment: Environment[sessionHost=https://sessionserver.mojang.com, servicesHost=https://api.minecraftservices.com, name=PROD]
[08Jul2025 04:49:01.194] [Render thread/INFO] [net.minecraft.client.Minecraft/]: Setting user: Dev
[08Jul2025 04:49:01.313] [Render thread/INFO] [net.minecraft.client.Minecraft/]: Backend library: LWJGL version 3.3.3+5
[08Jul2025 04:49:02.721] [Render thread/DEBUG] [net.neoforged.fml.ModWorkManager/LOADING]: Using 12 threads for parallel mod-loading
[08Jul2025 04:49:02.739] [Render thread/DEBUG] [net.neoforged.fml.javafmlmod.FMLModContainer/LOADING]: Creating FMLModContainer instance for [software.bernie.geckolib.GeckoLib]
[08Jul2025 04:49:02.742] [Render thread/DEBUG] [net.neoforged.fml.javafmlmod.FMLModContainer/LOADING]: Creating FMLModContainer instance for [dev.kosmx.playerAnim.forge.ForgeClientEvent]
[08Jul2025 04:49:02.744] [Render thread/DEBUG] [net.neoforged.fml.javafmlmod.FMLModContainer/LOADING]: Creating FMLModContainer instance for [net.neoforged.neoforge.common.NeoForgeMod, net.neoforged.neoforge.client.ClientNeoForgeMod]
[08Jul2025 04:49:02.748] [Render thread/DEBUG] [net.neoforged.fml.javafmlmod.FMLModContainer/LOADING]: Creating FMLModContainer instance for [com.naizo.elementals.ElementalsMod]
[08Jul2025 04:49:02.751] [Render thread/DEBUG] [net.neoforged.fml.javafmlmod.FMLModContainer/LOADING]: Creating FMLModContainer instance for [tn.naizo.jauml.JaumlCore]
[08Jul2025 04:49:02.768] [modloading-worker-0/DEBUG] [net.neoforged.fml.javafmlmod.AutomaticEventSubscriber/LOADING]: Attempting to inject @EventBusSubscriber classes into the eventbus for jauml
[08Jul2025 04:49:02.778] [modloading-worker-0/DEBUG] [net.neoforged.neoforge.internal.versions.neoforge.NeoForgeVersion/CORE]: Found NeoForge version 21.1.65
[08Jul2025 04:49:02.778] [modloading-worker-0/DEBUG] [net.neoforged.neoforge.internal.versions.neoforge.NeoForgeVersion/CORE]: Found FML version 4.0.24
[08Jul2025 04:49:02.778] [modloading-worker-0/INFO] [net.neoforged.neoforge.common.NeoForgeMod/NEOFORGE-MOD]: NeoForge mod loading, version 21.1.65, for MC 1.21.1
[08Jul2025 04:49:03.120] [modloading-worker-0/DEBUG] [net.neoforged.fml.javafmlmod.AutomaticEventSubscriber/LOADING]: Attempting to inject @EventBusSubscriber classes into the eventbus for playeranimator
[08Jul2025 04:49:03.121] [modloading-worker-0/DEBUG] [GeckoLib/]: Loaded software.bernie.geckolib.platform.GeckoLibNeoForge@3159aabd for service interface software.bernie.geckolib.service.GeckoLibPlatform
[08Jul2025 04:49:03.122] [modloading-worker-0/DEBUG] [GeckoLib/]: Loaded software.bernie.geckolib.network.GeckoLibNetworkingNeoForge@87b043 for service interface software.bernie.geckolib.service.GeckoLibNetworking
[08Jul2025 04:49:03.126] [modloading-worker-0/DEBUG] [net.neoforged.fml.javafmlmod.AutomaticEventSubscriber/LOADING]: Attempting to inject @EventBusSubscriber classes into the eventbus for geckolib
[08Jul2025 04:49:03.143] [modloading-worker-0/DEBUG] [net.neoforged.fml.config.ConfigTracker/CONFIG]: Config file neoforge-client.toml for neoforge tracking
[08Jul2025 04:49:03.143] [modloading-worker-0/DEBUG] [net.neoforged.fml.config.ConfigTracker/CONFIG]: Config file neoforge-server.toml for neoforge tracking
[08Jul2025 04:49:03.143] [modloading-worker-0/DEBUG] [net.neoforged.fml.config.ConfigTracker/CONFIG]: Config file neoforge-common.toml for neoforge tracking
[08Jul2025 04:49:03.218] [modloading-worker-0/DEBUG] [net.neoforged.fml.javafmlmod.AutomaticEventSubscriber/LOADING]: Attempting to inject @EventBusSubscriber classes into the eventbus for neoforge
[08Jul2025 04:49:03.221] [modloading-worker-0/DEBUG] [net.neoforged.fml.javafmlmod.AutomaticEventSubscriber/LOADING]: Auto-subscribing net.neoforged.neoforge.server.command.ConfigCommand to GAME
[08Jul2025 04:49:03.222] [modloading-worker-0/DEBUG] [net.neoforged.fml.javafmlmod.AutomaticEventSubscriber/LOADING]: Auto-subscribing net.neoforged.neoforge.network.filters.GenericPacketSplitter to MOD
[08Jul2025 04:49:03.255] [modloading-worker-0/DEBUG] [io.netty.buffer.AbstractByteBuf/]: -Dio.netty.buffer.checkAccessible: true
[08Jul2025 04:49:03.255] [modloading-worker-0/DEBUG] [io.netty.buffer.AbstractByteBuf/]: -Dio.netty.buffer.checkBounds: true
[08Jul2025 04:49:03.256] [modloading-worker-0/DEBUG] [io.netty.util.ResourceLeakDetectorFactory/]: Loaded default ResourceLeakDetector: io.netty.util.ResourceLeakDetector@d57f55c
[08Jul2025 04:49:03.267] [modloading-worker-0/DEBUG] [io.netty.util.internal.InternalThreadLocalMap/]: -Dio.netty.threadLocalMap.stringBuilder.initialSize: 1024
[08Jul2025 04:49:03.267] [modloading-worker-0/DEBUG] [io.netty.util.internal.InternalThreadLocalMap/]: -Dio.netty.threadLocalMap.stringBuilder.maxSize: 4096
[08Jul2025 04:49:03.271] [modloading-worker-0/DEBUG] [io.netty.buffer.PooledByteBufAllocator/]: -Dio.netty.allocator.numHeapArenas: 24
[08Jul2025 04:49:03.271] [modloading-worker-0/DEBUG] [io.netty.buffer.PooledByteBufAllocator/]: -Dio.netty.allocator.numDirectArenas: 24
[08Jul2025 04:49:03.271] [modloading-worker-0/DEBUG] [io.netty.buffer.PooledByteBufAllocator/]: -Dio.netty.allocator.pageSize: 8192
[08Jul2025 04:49:03.271] [modloading-worker-0/DEBUG] [io.netty.buffer.PooledByteBufAllocator/]: -Dio.netty.allocator.maxOrder: 9
[08Jul2025 04:49:03.271] [modloading-worker-0/DEBUG] [io.netty.buffer.PooledByteBufAllocator/]: -Dio.netty.allocator.chunkSize: 4194304
[08Jul2025 04:49:03.272] [modloading-worker-0/DEBUG] [io.netty.buffer.PooledByteBufAllocator/]: -Dio.netty.allocator.smallCacheSize: 256
[08Jul2025 04:49:03.272] [modloading-worker-0/DEBUG] [io.netty.buffer.PooledByteBufAllocator/]: -Dio.netty.allocator.normalCacheSize: 64
[08Jul2025 04:49:03.272] [modloading-worker-0/DEBUG] [io.netty.buffer.PooledByteBufAllocator/]: -Dio.netty.allocator.maxCachedBufferCapacity: 32768
[08Jul2025 04:49:03.272] [modloading-worker-0/DEBUG] [io.netty.buffer.PooledByteBufAllocator/]: -Dio.netty.allocator.cacheTrimInterval: 8192
[08Jul2025 04:49:03.272] [modloading-worker-0/DEBUG] [io.netty.buffer.PooledByteBufAllocator/]: -Dio.netty.allocator.cacheTrimIntervalMillis: 0
[08Jul2025 04:49:03.272] [modloading-worker-0/DEBUG] [io.netty.buffer.PooledByteBufAllocator/]: -Dio.netty.allocator.useCacheForAllThreads: false
[08Jul2025 04:49:03.272] [modloading-worker-0/DEBUG] [io.netty.buffer.PooledByteBufAllocator/]: -Dio.netty.allocator.maxCachedByteBuffersPerChunk: 1023
[08Jul2025 04:49:03.285] [modloading-worker-0/DEBUG] [io.netty.buffer.ByteBufUtil/]: -Dio.netty.allocator.type: pooled
[08Jul2025 04:49:03.285] [modloading-worker-0/DEBUG] [io.netty.buffer.ByteBufUtil/]: -Dio.netty.threadLocalDirectBufferSize: 0
[08Jul2025 04:49:03.285] [modloading-worker-0/DEBUG] [io.netty.buffer.ByteBufUtil/]: -Dio.netty.maxThreadLocalCharBufferSize: 16384
[08Jul2025 04:49:03.295] [modloading-worker-0/DEBUG] [net.neoforged.fml.javafmlmod.AutomaticEventSubscriber/LOADING]: Auto-subscribing net.neoforged.neoforge.network.NetworkInitialization to MOD
[08Jul2025 04:49:03.296] [modloading-worker-0/DEBUG] [net.neoforged.fml.javafmlmod.AutomaticEventSubscriber/LOADING]: Auto-subscribing net.neoforged.neoforge.network.ConfigurationInitialization to MOD
[08Jul2025 04:49:03.299] [modloading-worker-0/DEBUG] [net.neoforged.fml.javafmlmod.AutomaticEventSubscriber/LOADING]: Auto-subscribing net.neoforged.neoforge.common.MonsterRoomHooks to GAME
[08Jul2025 04:49:03.300] [modloading-worker-0/DEBUG] [net.neoforged.fml.javafmlmod.AutomaticEventSubscriber/LOADING]: Auto-subscribing net.neoforged.neoforge.common.DeferredSpawnEggItem$CommonHandler to MOD
[08Jul2025 04:49:03.302] [modloading-worker-0/DEBUG] [net.neoforged.fml.javafmlmod.AutomaticEventSubscriber/LOADING]: Auto-subscribing net.neoforged.neoforge.common.DeferredSpawnEggItem$ColorRegisterHandler to MOD
[08Jul2025 04:49:03.303] [modloading-worker-0/DEBUG] [net.neoforged.fml.javafmlmod.AutomaticEventSubscriber/LOADING]: Auto-subscribing net.neoforged.neoforge.client.model.data.ModelDataManager to GAME
[08Jul2025 04:49:03.305] [modloading-worker-0/DEBUG] [net.neoforged.fml.javafmlmod.AutomaticEventSubscriber/LOADING]: Auto-subscribing net.neoforged.neoforge.client.ParticleBoundsDebugRenderer to GAME
[08Jul2025 04:49:03.310] [modloading-worker-0/DEBUG] [net.neoforged.fml.javafmlmod.AutomaticEventSubscriber/LOADING]: Auto-subscribing net.neoforged.neoforge.client.ClientHooks$ClientEvents to MOD
[08Jul2025 04:49:03.313] [modloading-worker-0/DEBUG] [net.neoforged.fml.javafmlmod.AutomaticEventSubscriber/LOADING]: Auto-subscribing net.neoforged.neoforge.client.BlockEntityRenderBoundsDebugRenderer to GAME
[08Jul2025 04:49:03.314] [modloading-worker-0/DEBUG] [net.neoforged.fml.javafmlmod.AutomaticEventSubscriber/LOADING]: Auto-subscribing net.neoforged.neoforge.attachment.AttachmentInternals to GAME
[08Jul2025 04:49:03.348] [modloading-worker-0/DEBUG] [net.neoforged.fml.javafmlmod.AutomaticEventSubscriber/LOADING]: Attempting to inject @EventBusSubscriber classes into the eventbus for elementals
[08Jul2025 04:49:03.348] [modloading-worker-0/DEBUG] [net.neoforged.fml.javafmlmod.AutomaticEventSubscriber/LOADING]: Auto-subscribing com.naizo.elementals.client.screens.MainOverlayOverlay to GAME
[08Jul2025 04:49:03.350] [modloading-worker-0/DEBUG] [net.neoforged.fml.javafmlmod.AutomaticEventSubscriber/LOADING]: Auto-subscribing com.naizo.elementals.init.ElementalsModEntities to MOD
[08Jul2025 04:49:03.351] [modloading-worker-0/DEBUG] [net.neoforged.fml.javafmlmod.AutomaticEventSubscriber/LOADING]: Auto-subscribing com.naizo.elementals.init.ElementalsModEntityRenderers to MOD
[08Jul2025 04:49:03.354] [modloading-worker-0/DEBUG] [net.neoforged.fml.javafmlmod.AutomaticEventSubscriber/LOADING]: Auto-subscribing com.naizo.elementals.init.ElementalsModKeyMappings$KeyEventListener to GAME
[08Jul2025 04:49:03.358] [modloading-worker-0/DEBUG] [net.neoforged.fml.javafmlmod.AutomaticEventSubscriber/LOADING]: Auto-subscribing com.naizo.elementals.init.ElementalsModKeyMappings to MOD
[08Jul2025 04:49:03.361] [modloading-worker-0/DEBUG] [net.neoforged.fml.javafmlmod.AutomaticEventSubscriber/LOADING]: Auto-subscribing com.naizo.elementals.init.ElementalsModTabs to MOD
[08Jul2025 04:49:03.361] [modloading-worker-0/DEBUG] [net.neoforged.fml.javafmlmod.AutomaticEventSubscriber/LOADING]: Auto-subscribing com.naizo.elementals.init.ElementalsModTrades to GAME
[08Jul2025 04:49:03.364] [modloading-worker-0/DEBUG] [net.neoforged.fml.javafmlmod.AutomaticEventSubscriber/LOADING]: Auto-subscribing com.naizo.elementals.init.EntityAnimationFactory to GAME
[08Jul2025 04:49:03.365] [modloading-worker-0/DEBUG] [net.neoforged.fml.javafmlmod.AutomaticEventSubscriber/LOADING]: Auto-subscribing com.naizo.elementals.network.ElementalsModVariables$EventBusVariableHandlers to GAME
[08Jul2025 04:49:03.367] [modloading-worker-0/DEBUG] [net.neoforged.fml.javafmlmod.AutomaticEventSubscriber/LOADING]: Auto-subscribing com.naizo.elementals.network.ElementalsModVariables to MOD
[08Jul2025 04:49:03.371] [modloading-worker-0/DEBUG] [net.neoforged.fml.javafmlmod.AutomaticEventSubscriber/LOADING]: Auto-subscribing com.naizo.elementals.network.SignatureAbilityMessage to MOD
[08Jul2025 04:49:03.376] [modloading-worker-0/DEBUG] [net.neoforged.fml.javafmlmod.AutomaticEventSubscriber/LOADING]: Auto-subscribing com.naizo.elementals.procedures.CreateSpellsConfigFilesProcedure to MOD
[08Jul2025 04:49:03.378] [modloading-worker-0/DEBUG] [net.neoforged.fml.javafmlmod.AutomaticEventSubscriber/LOADING]: Auto-subscribing com.naizo.elementals.procedures.FireRuneDropProcedure to GAME
[08Jul2025 04:49:03.381] [modloading-worker-0/DEBUG] [net.neoforged.fml.javafmlmod.AutomaticEventSubscriber/LOADING]: Auto-subscribing com.naizo.elementals.procedures.HandleElementalLogicProcedure to GAME
[08Jul2025 04:49:03.382] [modloading-worker-0/DEBUG] [net.neoforged.fml.javafmlmod.AutomaticEventSubscriber/LOADING]: Auto-subscribing com.naizo.elementals.procedures.SetupAnimationsProcedure$ElementalsModAnimationMessage to MOD
[08Jul2025 04:49:03.386] [modloading-worker-0/DEBUG] [net.neoforged.fml.javafmlmod.AutomaticEventSubscriber/LOADING]: Auto-subscribing com.naizo.elementals.procedures.SetupAnimationsProcedure to MOD
[08Jul2025 04:49:03.389] [modloading-worker-0/DEBUG] [net.neoforged.fml.javafmlmod.AutomaticEventSubscriber/LOADING]: Auto-subscribing com.naizo.elementals.procedures.SyncAnimationProcedure to GAME
[08Jul2025 04:49:03.555] [modloading-sync-worker/DEBUG] [net.neoforged.fml.config.ConfigTracker/CONFIG]: Loading configs type CLIENT
[08Jul2025 04:49:03.562] [modloading-sync-worker/DEBUG] [net.neoforged.neoforge.common.NeoForgeConfig/FORGEMOD]: Loaded NeoForge config file neoforge-client.toml
[08Jul2025 04:49:03.563] [modloading-sync-worker/DEBUG] [net.neoforged.fml.config.ConfigTracker/CONFIG]: Loaded TOML config file E:\Projects\Minecraft\Elementals\run\config\neoforge-client.toml
[08Jul2025 04:49:03.571] [modloading-sync-worker/DEBUG] [net.neoforged.fml.config.ConfigTracker/CONFIG]: Watching TOML config file E:\Projects\Minecraft\Elementals\run\config\neoforge-client.toml for changes
[08Jul2025 04:49:03.572] [modloading-sync-worker/DEBUG] [net.neoforged.fml.config.ConfigTracker/CONFIG]: Loading configs type COMMON
[08Jul2025 04:49:03.573] [modloading-sync-worker/DEBUG] [net.neoforged.neoforge.common.NeoForgeConfig/FORGEMOD]: Loaded NeoForge config file neoforge-common.toml
[08Jul2025 04:49:03.573] [modloading-sync-worker/DEBUG] [net.neoforged.fml.config.ConfigTracker/CONFIG]: Loaded TOML config file E:\Projects\Minecraft\Elementals\run\config\neoforge-common.toml
[08Jul2025 04:49:03.575] [modloading-sync-worker/DEBUG] [net.neoforged.fml.config.ConfigTracker/CONFIG]: Watching TOML config file E:\Projects\Minecraft\Elementals\run\config\neoforge-common.toml for changes
[08Jul2025 04:49:03.669] [Render thread/DEBUG] [mixin/]: Mixing client.TextureManagerMixin from geckolib.mixins.json into net.minecraft.client.renderer.texture.TextureManager
[08Jul2025 04:49:03.669] [Render thread/DEBUG] [mixin/]: geckolib.mixins.json:client.TextureManagerMixin from mod geckolib: Class version 65 required is higher than the class version supported by the current version of Mixin (JAVA_17 supports class version 61)
[08Jul2025 04:49:03.908] [Render thread/DEBUG] [mixin/]: Mixing client.LevelRendererMixin from geckolib.mixins.json into net.minecraft.client.renderer.LevelRenderer
[08Jul2025 04:49:03.908] [Render thread/DEBUG] [mixin/]: geckolib.mixins.json:client.LevelRendererMixin from mod geckolib: Class version 65 required is higher than the class version supported by the current version of Mixin (JAVA_17 supports class version 61)
[08Jul2025 04:49:03.909] [Render thread/DEBUG] [mixin/]: Renaming synthetic method lambda$geckolib$captureRenderedEntities$0(I)D to md6330a5$geckolib$lambda$geckolib$captureRenderedEntities$0$0 in geckolib.mixins.json:client.LevelRendererMixin from mod geckolib
[08Jul2025 04:49:03.920] [Render thread/DEBUG] [mixin/]: Mixing firstPerson.LevelRendererMixin from playerAnimator-common.mixins.json into net.minecraft.client.renderer.LevelRenderer
[08Jul2025 04:49:03.920] [Render thread/DEBUG] [mixin/]: playerAnimator-common.mixins.json:firstPerson.LevelRendererMixin from mod playeranimator: Class version 65 required is higher than the class version supported by the current version of Mixin (JAVA_16 supports class version 60)
[08Jul2025 04:49:03.970] [Render thread/DEBUG] [mixin/]: geckolib.mixins.json:client.LevelRendererMixin from mod geckolib->@Inject::geckolib$captureRenderedEntities(Lnet/minecraft/client/DeltaTracker;ZLnet/minecraft/client/Camera;Lnet/minecraft/client/renderer/GameRenderer;Lnet/minecraft/client/renderer/LightTexture;Lorg/joml/Matrix4f;Lorg/joml/Matrix4f;Lorg/spongepowered/asm/mixin/injection/callback/CallbackInfo;)V doesn't use it's CallbackInfo
[08Jul2025 04:49:03.971] [Render thread/DEBUG] [mixin/]: geckolib.mixins.json:client.LevelRendererMixin from mod geckolib->@Inject::geckolib$captureRenderedEntities(Lnet/minecraft/client/DeltaTracker;ZLnet/minecraft/client/Camera;Lnet/minecraft/client/renderer/GameRenderer;Lnet/minecraft/client/renderer/LightTexture;Lorg/joml/Matrix4f;Lorg/joml/Matrix4f;Lorg/spongepowered/asm/mixin/injection/callback/CallbackInfo;)V has 0 override(s) in child classes
[08Jul2025 04:49:03.971] [Render thread/DEBUG] [mixin/]: geckolib.mixins.json:client.LevelRendererMixin from mod geckolib->@Inject::geckolib$captureRenderedEntities(Lnet/minecraft/client/DeltaTracker;ZLnet/minecraft/client/Camera;Lnet/minecraft/client/renderer/GameRenderer;Lnet/minecraft/client/renderer/LightTexture;Lorg/joml/Matrix4f;Lorg/joml/Matrix4f;Lorg/spongepowered/asm/mixin/injection/callback/CallbackInfo;)V won't be passed a CallbackInfo as a result
[08Jul2025 04:49:03.971] [Render thread/DEBUG] [mixin/]: playerAnimator-common.mixins.json:firstPerson.LevelRendererMixin from mod playeranimator->@Inject::fakeThirdPersonMode(Lnet/minecraft/client/DeltaTracker;ZLnet/minecraft/client/Camera;Lnet/minecraft/client/renderer/GameRenderer;Lnet/minecraft/client/renderer/LightTexture;Lorg/joml/Matrix4f;Lorg/joml/Matrix4f;Lorg/spongepowered/asm/mixin/injection/callback/CallbackInfo;)V doesn't use it's CallbackInfo
[08Jul2025 04:49:03.971] [Render thread/DEBUG] [mixin/]: playerAnimator-common.mixins.json:firstPerson.LevelRendererMixin from mod playeranimator->@Inject::fakeThirdPersonMode(Lnet/minecraft/client/DeltaTracker;ZLnet/minecraft/client/Camera;Lnet/minecraft/client/renderer/GameRenderer;Lnet/minecraft/client/renderer/LightTexture;Lorg/joml/Matrix4f;Lorg/joml/Matrix4f;Lorg/spongepowered/asm/mixin/injection/callback/CallbackInfo;)V has 0 override(s) in child classes
[08Jul2025 04:49:03.971] [Render thread/DEBUG] [mixin/]: playerAnimator-common.mixins.json:firstPerson.LevelRendererMixin from mod playeranimator->@Inject::fakeThirdPersonMode(Lnet/minecraft/client/DeltaTracker;ZLnet/minecraft/client/Camera;Lnet/minecraft/client/renderer/GameRenderer;Lnet/minecraft/client/renderer/LightTexture;Lorg/joml/Matrix4f;Lorg/joml/Matrix4f;Lorg/spongepowered/asm/mixin/injection/callback/CallbackInfo;)V won't be passed a CallbackInfo as a result
[08Jul2025 04:49:03.971] [Render thread/DEBUG] [mixin/]: playerAnimator-common.mixins.json:firstPerson.LevelRendererMixin from mod playeranimator->@Inject::resetThirdPerson(Lnet/minecraft/client/DeltaTracker;ZLnet/minecraft/client/Camera;Lnet/minecraft/client/renderer/GameRenderer;Lnet/minecraft/client/renderer/LightTexture;Lorg/joml/Matrix4f;Lorg/joml/Matrix4f;Lorg/spongepowered/asm/mixin/injection/callback/CallbackInfo;)V doesn't use it's CallbackInfo
[08Jul2025 04:49:03.971] [Render thread/DEBUG] [mixin/]: playerAnimator-common.mixins.json:firstPerson.LevelRendererMixin from mod playeranimator->@Inject::resetThirdPerson(Lnet/minecraft/client/DeltaTracker;ZLnet/minecraft/client/Camera;Lnet/minecraft/client/renderer/GameRenderer;Lnet/minecraft/client/renderer/LightTexture;Lorg/joml/Matrix4f;Lorg/joml/Matrix4f;Lorg/spongepowered/asm/mixin/injection/callback/CallbackInfo;)V has 0 override(s) in child classes
[08Jul2025 04:49:03.971] [Render thread/DEBUG] [mixin/]: playerAnimator-common.mixins.json:firstPerson.LevelRendererMixin from mod playeranimator->@Inject::resetThirdPerson(Lnet/minecraft/client/DeltaTracker;ZLnet/minecraft/client/Camera;Lnet/minecraft/client/renderer/GameRenderer;Lnet/minecraft/client/renderer/LightTexture;Lorg/joml/Matrix4f;Lorg/joml/Matrix4f;Lorg/spongepowered/asm/mixin/injection/callback/CallbackInfo;)V won't be passed a CallbackInfo as a result
[08Jul2025 04:49:03.971] [Render thread/DEBUG] [mixin/]: playerAnimator-common.mixins.json:firstPerson.LevelRendererMixin from mod playeranimator->@Inject::dontRenderEntity_End(Lnet/minecraft/world/entity/Entity;DDDFLcom/mojang/blaze3d/vertex/PoseStack;Lnet/minecraft/client/renderer/MultiBufferSource;Lorg/spongepowered/asm/mixin/injection/callback/CallbackInfo;)V doesn't use it's CallbackInfo
[08Jul2025 04:49:03.971] [Render thread/DEBUG] [mixin/]: playerAnimator-common.mixins.json:firstPerson.LevelRendererMixin from mod playeranimator->@Inject::dontRenderEntity_End(Lnet/minecraft/world/entity/Entity;DDDFLcom/mojang/blaze3d/vertex/PoseStack;Lnet/minecraft/client/renderer/MultiBufferSource;Lorg/spongepowered/asm/mixin/injection/callback/CallbackInfo;)V has 0 override(s) in child classes
[08Jul2025 04:49:03.971] [Render thread/DEBUG] [mixin/]: playerAnimator-common.mixins.json:firstPerson.LevelRendererMixin from mod playeranimator->@Inject::dontRenderEntity_End(Lnet/minecraft/world/entity/Entity;DDDFLcom/mojang/blaze3d/vertex/PoseStack;Lnet/minecraft/client/renderer/MultiBufferSource;Lorg/spongepowered/asm/mixin/injection/callback/CallbackInfo;)V won't be passed a CallbackInfo as a result
[08Jul2025 04:49:04.057] [Render thread/DEBUG] [mixin/]: Mixing firstPerson.EntityRenderDispatcherMixin from playerAnimator-common.mixins.json into net.minecraft.client.renderer.entity.EntityRenderDispatcher
[08Jul2025 04:49:04.058] [Render thread/DEBUG] [mixin/]: playerAnimator-common.mixins.json:firstPerson.EntityRenderDispatcherMixin from mod playeranimator: Class version 65 required is higher than the class version supported by the current version of Mixin (JAVA_16 supports class version 60)
[08Jul2025 04:49:04.062] [Render thread/DEBUG] [mixin/]: playerAnimator-common.mixins.json:firstPerson.EntityRenderDispatcherMixin from mod playeranimator->@Inject::renderShadow_HEAD_PlayerAnimator(Lcom/mojang/blaze3d/vertex/PoseStack;Lnet/minecraft/client/renderer/MultiBufferSource;Lnet/minecraft/world/entity/Entity;FFLnet/minecraft/world/level/LevelReader;FLorg/spongepowered/asm/mixin/injection/callback/CallbackInfo;)V does use it's CallbackInfo
[08Jul2025 04:49:04.065] [Render thread/DEBUG] [mixin/]: Mixing client.BlockEntityWithoutLevelRendererMixin from geckolib.mixins.json into net.minecraft.client.renderer.BlockEntityWithoutLevelRenderer
[08Jul2025 04:49:04.066] [Render thread/DEBUG] [mixin/]: geckolib.mixins.json:client.BlockEntityWithoutLevelRendererMixin from mod geckolib: Class version 65 required is higher than the class version supported by the current version of Mixin (JAVA_17 supports class version 61)
[08Jul2025 04:49:04.072] [Render thread/DEBUG] [mixin/]: geckolib.mixins.json:client.BlockEntityWithoutLevelRendererMixin from mod geckolib->@Inject::geckolib$renderGeckolibItem(Lnet/minecraft/world/item/ItemStack;Lnet/minecraft/world/item/ItemDisplayContext;Lcom/mojang/blaze3d/vertex/PoseStack;Lnet/minecraft/client/renderer/MultiBufferSource;IILorg/spongepowered/asm/mixin/injection/callback/CallbackInfo;)V does use it's CallbackInfo
[08Jul2025 04:49:04.126] [Render thread/DEBUG] [mixin/]: Mixing firstPerson.ItemInHandRendererMixin from playerAnimator-common.mixins.json into net.minecraft.client.renderer.ItemInHandRenderer
[08Jul2025 04:49:04.126] [Render thread/DEBUG] [mixin/]: playerAnimator-common.mixins.json:firstPerson.ItemInHandRendererMixin from mod playeranimator: Class version 65 required is higher than the class version supported by the current version of Mixin (JAVA_16 supports class version 60)
[08Jul2025 04:49:04.135] [Render thread/DEBUG] [mixin/]: playerAnimator-common.mixins.json:firstPerson.ItemInHandRendererMixin from mod playeranimator->@Inject::disableDefaultItemIfNeeded(FLcom/mojang/blaze3d/vertex/PoseStack;Lnet/minecraft/client/renderer/MultiBufferSource$BufferSource;Lnet/minecraft/client/player/LocalPlayer;ILorg/spongepowered/asm/mixin/injection/callback/CallbackInfo;)V does use it's CallbackInfo
[08Jul2025 04:49:04.136] [Render thread/DEBUG] [mixin/]: playerAnimator-common.mixins.json:firstPerson.ItemInHandRendererMixin from mod playeranimator->@Inject::cancelItemRender(Lnet/minecraft/world/entity/LivingEntity;Lnet/minecraft/world/item/ItemStack;Lnet/minecraft/world/item/ItemDisplayContext;ZLcom/mojang/blaze3d/vertex/PoseStack;Lnet/minecraft/client/renderer/MultiBufferSource;ILorg/spongepowered/asm/mixin/injection/callback/CallbackInfo;)V does use it's CallbackInfo
[08Jul2025 04:49:04.222] [Render thread/DEBUG] [mixin/]: Mixing firstPerson.CameraAccessor from playerAnimator-common.mixins.json into net.minecraft.client.Camera
[08Jul2025 04:49:04.222] [Render thread/DEBUG] [mixin/]: playerAnimator-common.mixins.json:firstPerson.CameraAccessor from mod playeranimator: Class version 65 required is higher than the class version supported by the current version of Mixin (JAVA_16 supports class version 60)
[08Jul2025 04:49:04.300] [Render thread/INFO] [net.neoforged.neoforge.gametest.GameTestHooks/]: Enabled Gametest Namespaces: []
[08Jul2025 04:49:04.333] [Render thread/DEBUG] [mixin/]: Mixing PlayerRendererMixin from playerAnimator-common.mixins.json into net.minecraft.client.renderer.entity.player.PlayerRenderer
[08Jul2025 04:49:04.334] [Render thread/DEBUG] [mixin/]: playerAnimator-common.mixins.json:PlayerRendererMixin from mod playeranimator: Class version 65 required is higher than the class version supported by the current version of Mixin (JAVA_16 supports class version 60)
[08Jul2025 04:49:04.334] [Render thread/DEBUG] [mixin/]: Renaming synthetic method getShadowRadius(Lnet/minecraft/world/entity/Entity;)F to md6330a5$playeranimator$getShadowRadius$0 in playerAnimator-common.mixins.json:PlayerRendererMixin from mod playeranimator
[08Jul2025 04:49:04.355] [Render thread/DEBUG] [mixin/]: playerAnimator-common.mixins.json:PlayerRendererMixin from mod playeranimator->@Inject::hideBonesInFirstPerson(Lnet/minecraft/client/player/AbstractClientPlayer;FFLcom/mojang/blaze3d/vertex/PoseStack;Lnet/minecraft/client/renderer/MultiBufferSource;ILorg/spongepowered/asm/mixin/injection/callback/CallbackInfo;)V doesn't use it's CallbackInfo
[08Jul2025 04:49:04.355] [Render thread/DEBUG] [mixin/]: playerAnimator-common.mixins.json:PlayerRendererMixin from mod playeranimator->@Inject::hideBonesInFirstPerson(Lnet/minecraft/client/player/AbstractClientPlayer;FFLcom/mojang/blaze3d/vertex/PoseStack;Lnet/minecraft/client/renderer/MultiBufferSource;ILorg/spongepowered/asm/mixin/injection/callback/CallbackInfo;)V has 0 override(s) in child classes
[08Jul2025 04:49:04.356] [Render thread/DEBUG] [mixin/]: playerAnimator-common.mixins.json:PlayerRendererMixin from mod playeranimator->@Inject::hideBonesInFirstPerson(Lnet/minecraft/client/player/AbstractClientPlayer;FFLcom/mojang/blaze3d/vertex/PoseStack;Lnet/minecraft/client/renderer/MultiBufferSource;ILorg/spongepowered/asm/mixin/injection/callback/CallbackInfo;)V won't be passed a CallbackInfo as a result
[08Jul2025 04:49:04.356] [Render thread/DEBUG] [mixin/]: playerAnimator-common.mixins.json:PlayerRendererMixin from mod playeranimator->@Inject::applyBodyTransforms(Lnet/minecraft/client/player/AbstractClientPlayer;Lcom/mojang/blaze3d/vertex/PoseStack;FFFFLorg/spongepowered/asm/mixin/injection/callback/CallbackInfo;)V doesn't use it's CallbackInfo
[08Jul2025 04:49:04.356] [Render thread/DEBUG] [mixin/]: playerAnimator-common.mixins.json:PlayerRendererMixin from mod playeranimator->@Inject::applyBodyTransforms(Lnet/minecraft/client/player/AbstractClientPlayer;Lcom/mojang/blaze3d/vertex/PoseStack;FFFFLorg/spongepowered/asm/mixin/injection/callback/CallbackInfo;)V has 0 override(s) in child classes
[08Jul2025 04:49:04.356] [Render thread/DEBUG] [mixin/]: playerAnimator-common.mixins.json:PlayerRendererMixin from mod playeranimator->@Inject::applyBodyTransforms(Lnet/minecraft/client/player/AbstractClientPlayer;Lcom/mojang/blaze3d/vertex/PoseStack;FFFFLorg/spongepowered/asm/mixin/injection/callback/CallbackInfo;)V won't be passed a CallbackInfo as a result
[08Jul2025 04:49:04.356] [Render thread/DEBUG] [mixin/]: playerAnimator-common.mixins.json:PlayerRendererMixin from mod playeranimator->@Inject::notifyModelOfFirstPerson(Lcom/mojang/blaze3d/vertex/PoseStack;Lnet/minecraft/client/renderer/MultiBufferSource;ILnet/minecraft/client/player/AbstractClientPlayer;Lnet/minecraft/client/model/geom/ModelPart;Lnet/minecraft/client/model/geom/ModelPart;Lorg/spongepowered/asm/mixin/injection/callback/CallbackInfo;)V doesn't use it's CallbackInfo
[08Jul2025 04:49:04.356] [Render thread/DEBUG] [mixin/]: playerAnimator-common.mixins.json:PlayerRendererMixin from mod playeranimator->@Inject::notifyModelOfFirstPerson(Lcom/mojang/blaze3d/vertex/PoseStack;Lnet/minecraft/client/renderer/MultiBufferSource;ILnet/minecraft/client/player/AbstractClientPlayer;Lnet/minecraft/client/model/geom/ModelPart;Lnet/minecraft/client/model/geom/ModelPart;Lorg/spongepowered/asm/mixin/injection/callback/CallbackInfo;)V has 0 override(s) in child classes
[08Jul2025 04:49:04.356] [Render thread/DEBUG] [mixin/]: playerAnimator-common.mixins.json:PlayerRendererMixin from mod playeranimator->@Inject::notifyModelOfFirstPerson(Lcom/mojang/blaze3d/vertex/PoseStack;Lnet/minecraft/client/renderer/MultiBufferSource;ILnet/minecraft/client/player/AbstractClientPlayer;Lnet/minecraft/client/model/geom/ModelPart;Lnet/minecraft/client/model/geom/ModelPart;Lorg/spongepowered/asm/mixin/injection/callback/CallbackInfo;)V won't be passed a CallbackInfo as a result
[08Jul2025 04:49:04.359] [Render thread/DEBUG] [mixin/]: Mixing firstPerson.LivingEntityRendererMixin from playerAnimator-common.mixins.json into net.minecraft.client.renderer.entity.LivingEntityRenderer
[08Jul2025 04:49:04.359] [Render thread/DEBUG] [mixin/]: playerAnimator-common.mixins.json:firstPerson.LivingEntityRendererMixin from mod playeranimator: Class version 65 required is higher than the class version supported by the current version of Mixin (JAVA_16 supports class version 60)
[08Jul2025 04:49:04.359] [Render thread/DEBUG] [mixin/]: Renaming synthetic method lambda$filterLayers$0(Ljava/lang/Object;)Z to md6330a5$playeranimator$lambda$filterLayers$0$0 in playerAnimator-common.mixins.json:firstPerson.LivingEntityRendererMixin from mod playeranimator
[08Jul2025 04:49:04.377] [Render thread/DEBUG] [mixin/]: Mixing FeatureRendererMixin from playerAnimator-common.mixins.json into net.minecraft.client.renderer.entity.layers.RenderLayer
[08Jul2025 04:49:04.378] [Render thread/DEBUG] [mixin/]: playerAnimator-common.mixins.json:FeatureRendererMixin from mod playeranimator: Class version 65 required is higher than the class version supported by the current version of Mixin (JAVA_16 supports class version 60)
[08Jul2025 04:49:04.380] [Render thread/DEBUG] [mixin/]: playerAnimator-common.mixins.json:FeatureRendererMixin from mod playeranimator->@Inject::init(Lnet/minecraft/client/renderer/entity/RenderLayerParent;Lorg/spongepowered/asm/mixin/injection/callback/CallbackInfo;)V doesn't use it's CallbackInfo
[08Jul2025 04:49:04.380] [Render thread/DEBUG] [mixin/]: playerAnimator-common.mixins.json:FeatureRendererMixin from mod playeranimator->@Inject::init(Lnet/minecraft/client/renderer/entity/RenderLayerParent;Lorg/spongepowered/asm/mixin/injection/callback/CallbackInfo;)V has 0 override(s) in child classes
[08Jul2025 04:49:04.380] [Render thread/DEBUG] [mixin/]: playerAnimator-common.mixins.json:FeatureRendererMixin from mod playeranimator->@Inject::init(Lnet/minecraft/client/renderer/entity/RenderLayerParent;Lorg/spongepowered/asm/mixin/injection/callback/CallbackInfo;)V won't be passed a CallbackInfo as a result
[08Jul2025 04:49:04.382] [Render thread/DEBUG] [mixin/]: Mixing HeldItemMixin from playerAnimator-common.mixins.json into net.minecraft.client.renderer.entity.layers.ItemInHandLayer
[08Jul2025 04:49:04.382] [Render thread/DEBUG] [mixin/]: playerAnimator-common.mixins.json:HeldItemMixin from mod playeranimator: Class version 65 required is higher than the class version supported by the current version of Mixin (JAVA_16 supports class version 60)
[08Jul2025 04:49:04.402] [Render thread/DEBUG] [mixin/]: playerAnimator-common.mixins.json:HeldItemMixin from mod playeranimator->@Inject::renderMixin(Lnet/minecraft/world/entity/LivingEntity;Lnet/minecraft/world/item/ItemStack;Lnet/minecraft/world/item/ItemDisplayContext;Lnet/minecraft/world/entity/HumanoidArm;Lcom/mojang/blaze3d/vertex/PoseStack;Lnet/minecraft/client/renderer/MultiBufferSource;ILorg/spongepowered/asm/mixin/injection/callback/CallbackInfo;)V doesn't use it's CallbackInfo
[08Jul2025 04:49:04.402] [Render thread/DEBUG] [mixin/]: playerAnimator-common.mixins.json:HeldItemMixin from mod playeranimator->@Inject::renderMixin(Lnet/minecraft/world/entity/LivingEntity;Lnet/minecraft/world/item/ItemStack;Lnet/minecraft/world/item/ItemDisplayContext;Lnet/minecraft/world/entity/HumanoidArm;Lcom/mojang/blaze3d/vertex/PoseStack;Lnet/minecraft/client/renderer/MultiBufferSource;ILorg/spongepowered/asm/mixin/injection/callback/CallbackInfo;)V has 0 override(s) in child classes
[08Jul2025 04:49:04.402] [Render thread/DEBUG] [mixin/]: playerAnimator-common.mixins.json:HeldItemMixin from mod playeranimator->@Inject::renderMixin(Lnet/minecraft/world/entity/LivingEntity;Lnet/minecraft/world/item/ItemStack;Lnet/minecraft/world/item/ItemDisplayContext;Lnet/minecraft/world/entity/HumanoidArm;Lcom/mojang/blaze3d/vertex/PoseStack;Lnet/minecraft/client/renderer/MultiBufferSource;ILorg/spongepowered/asm/mixin/injection/callback/CallbackInfo;)V won't be passed a CallbackInfo as a result
[08Jul2025 04:49:04.402] [Render thread/DEBUG] [mixin/]: playerAnimator-common.mixins.json:HeldItemMixin from mod playeranimator->@Inject::changeItemLocation(Lnet/minecraft/world/entity/LivingEntity;Lnet/minecraft/world/item/ItemStack;Lnet/minecraft/world/item/ItemDisplayContext;Lnet/minecraft/world/entity/HumanoidArm;Lcom/mojang/blaze3d/vertex/PoseStack;Lnet/minecraft/client/renderer/MultiBufferSource;ILorg/spongepowered/asm/mixin/injection/callback/CallbackInfo;)V doesn't use it's CallbackInfo
[08Jul2025 04:49:04.402] [Render thread/DEBUG] [mixin/]: playerAnimator-common.mixins.json:HeldItemMixin from mod playeranimator->@Inject::changeItemLocation(Lnet/minecraft/world/entity/LivingEntity;Lnet/minecraft/world/item/ItemStack;Lnet/minecraft/world/item/ItemDisplayContext;Lnet/minecraft/world/entity/HumanoidArm;Lcom/mojang/blaze3d/vertex/PoseStack;Lnet/minecraft/client/renderer/MultiBufferSource;ILorg/spongepowered/asm/mixin/injection/callback/CallbackInfo;)V has 0 override(s) in child classes
[08Jul2025 04:49:04.402] [Render thread/DEBUG] [mixin/]: playerAnimator-common.mixins.json:HeldItemMixin from mod playeranimator->@Inject::changeItemLocation(Lnet/minecraft/world/entity/LivingEntity;Lnet/minecraft/world/item/ItemStack;Lnet/minecraft/world/item/ItemDisplayContext;Lnet/minecraft/world/entity/HumanoidArm;Lcom/mojang/blaze3d/vertex/PoseStack;Lnet/minecraft/client/renderer/MultiBufferSource;ILorg/spongepowered/asm/mixin/injection/callback/CallbackInfo;)V won't be passed a CallbackInfo as a result
[08Jul2025 04:49:04.408] [Render thread/DEBUG] [mixin/]: Mixing BipedEntityModelMixin from playerAnimator-common.mixins.json into net.minecraft.client.model.HumanoidModel
[08Jul2025 04:49:04.408] [Render thread/DEBUG] [mixin/]: playerAnimator-common.mixins.json:BipedEntityModelMixin from mod playeranimator: Class version 65 required is higher than the class version supported by the current version of Mixin (JAVA_16 supports class version 60)
[08Jul2025 04:49:04.409] [Render thread/DEBUG] [mixin/]: Renaming synthetic method lambda$renderToBuffer$3(Lcom/mojang/blaze3d/vertex/PoseStack;Lcom/mojang/blaze3d/vertex/VertexConsumer;IIILnet/minecraft/client/model/geom/ModelPart;)V to md6330a5$playeranimator$lambda$renderToBuffer$3$0 in playerAnimator-common.mixins.json:BipedEntityModelMixin from mod playeranimator
[08Jul2025 04:49:04.409] [Render thread/DEBUG] [mixin/]: Renaming synthetic method lambda$renderToBuffer$2(Lcom/mojang/blaze3d/vertex/PoseStack;Lcom/mojang/blaze3d/vertex/VertexConsumer;IIILnet/minecraft/client/model/geom/ModelPart;)V to md6330a5$playeranimator$lambda$renderToBuffer$2$1 in playerAnimator-common.mixins.json:BipedEntityModelMixin from mod playeranimator
[08Jul2025 04:49:04.409] [Render thread/DEBUG] [mixin/]: Renaming synthetic method lambda$renderToBuffer$1(Lcom/mojang/blaze3d/vertex/PoseStack;Lcom/mojang/blaze3d/vertex/VertexConsumer;IIILnet/minecraft/client/model/geom/ModelPart;)V to md6330a5$playeranimator$lambda$renderToBuffer$1$2 in playerAnimator-common.mixins.json:BipedEntityModelMixin from mod playeranimator
[08Jul2025 04:49:04.409] [Render thread/DEBUG] [mixin/]: Renaming synthetic method lambda$renderToBuffer$0(Lcom/mojang/blaze3d/vertex/PoseStack;Lcom/mojang/blaze3d/vertex/VertexConsumer;IIILnet/minecraft/client/model/geom/ModelPart;)V to md6330a5$playeranimator$lambda$renderToBuffer$0$3 in playerAnimator-common.mixins.json:BipedEntityModelMixin from mod playeranimator
[08Jul2025 04:49:04.420] [Render thread/DEBUG] [mixin/]: playerAnimator-common.mixins.json:BipedEntityModelMixin from mod playeranimator->@Inject::initBend(Lnet/minecraft/client/model/geom/ModelPart;Ljava/util/function/Function;Lorg/spongepowered/asm/mixin/injection/callback/CallbackInfo;)V doesn't use it's CallbackInfo
[08Jul2025 04:49:04.420] [Render thread/DEBUG] [mixin/]: playerAnimator-common.mixins.json:BipedEntityModelMixin from mod playeranimator->@Inject::initBend(Lnet/minecraft/client/model/geom/ModelPart;Ljava/util/function/Function;Lorg/spongepowered/asm/mixin/injection/callback/CallbackInfo;)V has 0 override(s) in child classes
[08Jul2025 04:49:04.420] [Render thread/DEBUG] [mixin/]: playerAnimator-common.mixins.json:BipedEntityModelMixin from mod playeranimator->@Inject::initBend(Lnet/minecraft/client/model/geom/ModelPart;Ljava/util/function/Function;Lorg/spongepowered/asm/mixin/injection/callback/CallbackInfo;)V won't be passed a CallbackInfo as a result
[08Jul2025 04:49:04.420] [Render thread/DEBUG] [mixin/]: playerAnimator-common.mixins.json:BipedEntityModelMixin from mod playeranimator->@Inject::copyMutatedAttributes(Lnet/minecraft/client/model/HumanoidModel;Lorg/spongepowered/asm/mixin/injection/callback/CallbackInfo;)V doesn't use it's CallbackInfo
[08Jul2025 04:49:04.420] [Render thread/DEBUG] [mixin/]: playerAnimator-common.mixins.json:BipedEntityModelMixin from mod playeranimator->@Inject::copyMutatedAttributes(Lnet/minecraft/client/model/HumanoidModel;Lorg/spongepowered/asm/mixin/injection/callback/CallbackInfo;)V has 0 override(s) in child classes
[08Jul2025 04:49:04.420] [Render thread/DEBUG] [mixin/]: playerAnimator-common.mixins.json:BipedEntityModelMixin from mod playeranimator->@Inject::copyMutatedAttributes(Lnet/minecraft/client/model/HumanoidModel;Lorg/spongepowered/asm/mixin/injection/callback/CallbackInfo;)V won't be passed a CallbackInfo as a result
[08Jul2025 04:49:04.423] [Render thread/DEBUG] [mixin/]: Mixing client.HumanoidArmorLayerMixin from geckolib.mixins.json into net.minecraft.client.renderer.entity.layers.HumanoidArmorLayer
[08Jul2025 04:49:04.423] [Render thread/DEBUG] [mixin/]: geckolib.mixins.json:client.HumanoidArmorLayerMixin from mod geckolib: Class version 65 required is higher than the class version supported by the current version of Mixin (JAVA_17 supports class version 61)
[08Jul2025 04:49:04.424] [Render thread/DEBUG] [mixin/]: Mixing ArmorFeatureRendererMixin from playerAnimator-common.mixins.json into net.minecraft.client.renderer.entity.layers.HumanoidArmorLayer
[08Jul2025 04:49:04.424] [Render thread/DEBUG] [mixin/]: playerAnimator-common.mixins.json:ArmorFeatureRendererMixin from mod playeranimator: Class version 65 required is higher than the class version supported by the current version of Mixin (JAVA_16 supports class version 60)
[08Jul2025 04:49:04.428] [Render thread/DEBUG] [mixin/]: playerAnimator-common.mixins.json:ArmorFeatureRendererMixin from mod playeranimator->@Inject::initInject(Lnet/minecraft/client/renderer/entity/RenderLayerParent;Lnet/minecraft/client/model/HumanoidModel;Lnet/minecraft/client/model/HumanoidModel;Lnet/minecraft/client/resources/model/ModelManager;Lorg/spongepowered/asm/mixin/injection/callback/CallbackInfo;)V doesn't use it's CallbackInfo
[08Jul2025 04:49:04.428] [Render thread/DEBUG] [mixin/]: playerAnimator-common.mixins.json:ArmorFeatureRendererMixin from mod playeranimator->@Inject::initInject(Lnet/minecraft/client/renderer/entity/RenderLayerParent;Lnet/minecraft/client/model/HumanoidModel;Lnet/minecraft/client/model/HumanoidModel;Lnet/minecraft/client/resources/model/ModelManager;Lorg/spongepowered/asm/mixin/injection/callback/CallbackInfo;)V has 0 override(s) in child classes
[08Jul2025 04:49:04.428] [Render thread/DEBUG] [mixin/]: playerAnimator-common.mixins.json:ArmorFeatureRendererMixin from mod playeranimator->@Inject::initInject(Lnet/minecraft/client/renderer/entity/RenderLayerParent;Lnet/minecraft/client/model/HumanoidModel;Lnet/minecraft/client/model/HumanoidModel;Lnet/minecraft/client/resources/model/ModelManager;Lorg/spongepowered/asm/mixin/injection/callback/CallbackInfo;)V won't be passed a CallbackInfo as a result
[08Jul2025 04:49:04.559] [Render thread/DEBUG] [mixin/]: Mixing ModelPartMixin from playerAnimator-common.mixins.json into net.minecraft.client.model.geom.ModelPart
[08Jul2025 04:49:04.559] [Render thread/DEBUG] [mixin/]: playerAnimator-common.mixins.json:ModelPartMixin from mod playeranimator: Class version 65 required is higher than the class version supported by the current version of Mixin (JAVA_16 supports class version 60)
[08Jul2025 04:49:04.641] [Render thread/INFO] [net.minecraft.server.packs.resources.ReloadableResourceManager/]: Reloading ResourceManager: vanilla, mod_resources, mod/geckolib, mod/playeranimator, mod/neoforge, mod/elementals, mod/jauml
[08Jul2025 04:49:04.715] [Render thread/DEBUG] [net.neoforged.fml.DeferredWorkQueue/LOADING]: Dispatching synchronous work for work queue Common setup: 1 jobs
[08Jul2025 04:49:04.717] [Render thread/DEBUG] [net.neoforged.fml.DeferredWorkQueue/LOADING]: Synchronous work queue completed in 1.086 ms
[08Jul2025 04:49:04.754] [Worker-Main-7/INFO] [net.minecraft.client.gui.font.providers.UnihexProvider/]: Found unifont_all_no_pua-15.1.05.hex, loading
[08Jul2025 04:49:04.787] [Worker-Main-5/INFO] [net.minecraft.client.gui.font.providers.UnihexProvider/]: Found unifont_jp_patch-15.1.05.hex, loading
[08Jul2025 04:49:06.718] [Render thread/WARN] [net.minecraft.client.sounds.SoundEngine/]: Missing sound for event: minecraft:item.goat_horn.play
[08Jul2025 04:49:06.719] [Render thread/WARN] [net.minecraft.client.sounds.SoundEngine/]: Missing sound for event: minecraft:entity.goat.screaming.horn_break
[08Jul2025 04:49:06.803] [Render thread/INFO] [com.mojang.blaze3d.audio.Library/]: OpenAL initialized on device OpenAL Soft on Speakers (High Definition Audio Device)
[08Jul2025 04:49:06.805] [Render thread/INFO] [net.minecraft.client.sounds.SoundEngine/SOUNDS]: Sound engine started
[08Jul2025 04:49:06.908] [Render thread/INFO] [net.minecraft.client.renderer.texture.TextureAtlas/]: Created: 1024x512x2 minecraft:textures/atlas/blocks.png-atlas
[08Jul2025 04:49:06.921] [Render thread/INFO] [net.minecraft.client.renderer.texture.TextureAtlas/]: Created: 256x256x2 minecraft:textures/atlas/signs.png-atlas
[08Jul2025 04:49:06.921] [Render thread/INFO] [net.minecraft.client.renderer.texture.TextureAtlas/]: Created: 512x512x2 minecraft:textures/atlas/banner_patterns.png-atlas
[08Jul2025 04:49:06.922] [Render thread/INFO] [net.minecraft.client.renderer.texture.TextureAtlas/]: Created: 512x512x2 minecraft:textures/atlas/shield_patterns.png-atlas
[08Jul2025 04:49:06.923] [Render thread/INFO] [net.minecraft.client.renderer.texture.TextureAtlas/]: Created: 1024x1024x2 minecraft:textures/atlas/armor_trims.png-atlas
[08Jul2025 04:49:06.929] [Render thread/INFO] [net.minecraft.client.renderer.texture.TextureAtlas/]: Created: 256x256x2 minecraft:textures/atlas/chest.png-atlas
[08Jul2025 04:49:06.929] [Render thread/INFO] [net.minecraft.client.renderer.texture.TextureAtlas/]: Created: 128x64x2 minecraft:textures/atlas/decorated_pot.png-atlas
[08Jul2025 04:49:06.931] [Render thread/INFO] [net.minecraft.client.renderer.texture.TextureAtlas/]: Created: 512x256x2 minecraft:textures/atlas/beds.png-atlas
[08Jul2025 04:49:06.931] [Render thread/INFO] [net.minecraft.client.renderer.texture.TextureAtlas/]: Created: 512x256x2 minecraft:textures/atlas/shulker_boxes.png-atlas
[08Jul2025 04:49:06.939] [Render thread/DEBUG] [mixin/]: Mixing PlayerModelMixin from playerAnimator-common.mixins.json into net.minecraft.client.model.PlayerModel
[08Jul2025 04:49:06.939] [Render thread/DEBUG] [mixin/]: playerAnimator-common.mixins.json:PlayerModelMixin from mod playeranimator: Class version 65 required is higher than the class version supported by the current version of Mixin (JAVA_16 supports class version 60)
[08Jul2025 04:49:06.949] [Render thread/DEBUG] [mixin/]: playerAnimator-common.mixins.json:PlayerModelMixin from mod playeranimator->@Inject::initBendableStuff(Lnet/minecraft/client/model/geom/ModelPart;ZLorg/spongepowered/asm/mixin/injection/callback/CallbackInfo;)V doesn't use it's CallbackInfo
[08Jul2025 04:49:06.949] [Render thread/DEBUG] [mixin/]: playerAnimator-common.mixins.json:PlayerModelMixin from mod playeranimator->@Inject::initBendableStuff(Lnet/minecraft/client/model/geom/ModelPart;ZLorg/spongepowered/asm/mixin/injection/callback/CallbackInfo;)V has 0 override(s) in child classes
[08Jul2025 04:49:06.949] [Render thread/DEBUG] [mixin/]: playerAnimator-common.mixins.json:PlayerModelMixin from mod playeranimator->@Inject::initBendableStuff(Lnet/minecraft/client/model/geom/ModelPart;ZLorg/spongepowered/asm/mixin/injection/callback/CallbackInfo;)V won't be passed a CallbackInfo as a result
[08Jul2025 04:49:06.949] [Render thread/DEBUG] [mixin/]: playerAnimator-common.mixins.json:PlayerModelMixin from mod playeranimator->@Inject::setDefaultBeforeRender(Lnet/minecraft/world/entity/LivingEntity;FFFFFLorg/spongepowered/asm/mixin/injection/callback/CallbackInfo;)V doesn't use it's CallbackInfo
[08Jul2025 04:49:06.949] [Render thread/DEBUG] [mixin/]: playerAnimator-common.mixins.json:PlayerModelMixin from mod playeranimator->@Inject::setDefaultBeforeRender(Lnet/minecraft/world/entity/LivingEntity;FFFFFLorg/spongepowered/asm/mixin/injection/callback/CallbackInfo;)V has 0 override(s) in child classes
[08Jul2025 04:49:06.951] [Render thread/DEBUG] [mixin/]: playerAnimator-common.mixins.json:PlayerModelMixin from mod playeranimator->@Inject::setDefaultBeforeRender(Lnet/minecraft/world/entity/LivingEntity;FFFFFLorg/spongepowered/asm/mixin/injection/callback/CallbackInfo;)V won't be passed a CallbackInfo as a result
[08Jul2025 04:49:06.951] [Render thread/DEBUG] [mixin/]: playerAnimator-common.mixins.json:PlayerModelMixin from mod playeranimator->@Inject::setEmote(Lnet/minecraft/world/entity/LivingEntity;FFFFFLorg/spongepowered/asm/mixin/injection/callback/CallbackInfo;)V doesn't use it's CallbackInfo
[08Jul2025 04:49:06.951] [Render thread/DEBUG] [mixin/]: playerAnimator-common.mixins.json:PlayerModelMixin from mod playeranimator->@Inject::setEmote(Lnet/minecraft/world/entity/LivingEntity;FFFFFLorg/spongepowered/asm/mixin/injection/callback/CallbackInfo;)V has 0 override(s) in child classes
[08Jul2025 04:49:06.951] [Render thread/DEBUG] [mixin/]: playerAnimator-common.mixins.json:PlayerModelMixin from mod playeranimator->@Inject::setEmote(Lnet/minecraft/world/entity/LivingEntity;FFFFFLorg/spongepowered/asm/mixin/injection/callback/CallbackInfo;)V won't be passed a CallbackInfo as a result
[08Jul2025 04:49:07.024] [Render thread/DEBUG] [mixin/]: Mixing CapeLayerMixin from playerAnimator-common.mixins.json into net.minecraft.client.renderer.entity.layers.CapeLayer
[08Jul2025 04:49:07.024] [Render thread/DEBUG] [mixin/]: playerAnimator-common.mixins.json:CapeLayerMixin from mod playeranimator: Class version 65 required is higher than the class version supported by the current version of Mixin (JAVA_16 supports class version 60)
[08Jul2025 04:49:07.026] [Render thread/DEBUG] [mixin/]: playerAnimator-common.mixins.json:CapeLayerMixin from mod playeranimator->@Inject::render(Lcom/mojang/blaze3d/vertex/PoseStack;Lnet/minecraft/client/renderer/MultiBufferSource;ILnet/minecraft/client/player/AbstractClientPlayer;FFFFFFLorg/spongepowered/asm/mixin/injection/callback/CallbackInfo;)V doesn't use it's CallbackInfo
[08Jul2025 04:49:07.026] [Render thread/DEBUG] [mixin/]: playerAnimator-common.mixins.json:CapeLayerMixin from mod playeranimator->@Inject::render(Lcom/mojang/blaze3d/vertex/PoseStack;Lnet/minecraft/client/renderer/MultiBufferSource;ILnet/minecraft/client/player/AbstractClientPlayer;FFFFFFLorg/spongepowered/asm/mixin/injection/callback/CallbackInfo;)V has 0 override(s) in child classes
[08Jul2025 04:49:07.026] [Render thread/DEBUG] [mixin/]: playerAnimator-common.mixins.json:CapeLayerMixin from mod playeranimator->@Inject::render(Lcom/mojang/blaze3d/vertex/PoseStack;Lnet/minecraft/client/renderer/MultiBufferSource;ILnet/minecraft/client/player/AbstractClientPlayer;FFFFFFLorg/spongepowered/asm/mixin/injection/callback/CallbackInfo;)V won't be passed a CallbackInfo as a result
[08Jul2025 04:49:07.030] [Render thread/INFO] [net.minecraft.client.renderer.texture.TextureAtlas/]: Created: 512x256x0 minecraft:textures/atlas/particles.png-atlas
[08Jul2025 04:49:07.031] [Render thread/INFO] [net.minecraft.client.renderer.texture.TextureAtlas/]: Created: 512x256x0 minecraft:textures/atlas/paintings.png-atlas
[08Jul2025 04:49:07.031] [Render thread/INFO] [net.minecraft.client.renderer.texture.TextureAtlas/]: Created: 256x128x0 minecraft:textures/atlas/mob_effects.png-atlas
[08Jul2025 04:49:07.032] [Render thread/INFO] [net.minecraft.client.renderer.texture.TextureAtlas/]: Created: 64x64x0 minecraft:textures/atlas/map_decorations.png-atlas
[08Jul2025 04:49:07.032] [Render thread/INFO] [net.minecraft.client.renderer.texture.TextureAtlas/]: Created: 1024x512x0 minecraft:textures/atlas/gui.png-atlas
[08Jul2025 04:49:07.059] [Render thread/WARN] [net.minecraft.client.renderer.ShaderInstance/]: Shader rendertype_entity_translucent_emissive could not find sampler named Sampler2 in the specified shader program.
[08Jul2025 04:49:07.107] [Render thread/WARN] [dev.kosmx.playerAnim.minecraftApi.PlayerAnimationRegistry/]: Animation player_animation/cast.json is in wrong directory: "player_animation", please place it in "player_animations".
[08Jul2025 04:49:07.109] [Render thread/INFO] [dev.kosmx.playerAnim.minecraftApi.codec.AnimationCodecs/]: Failed to apply emotecraft
java.io.IOException: com.google.gson.JsonParseException: not an emotecraft animation
	at TRANSFORMER/playeranimator@2.0.0-alpha1+1.21/dev.kosmx.playerAnim.minecraftApi.codec.AbstractGsonCodec.decode(AbstractGsonCodec.java:25) ~[player-animation-lib-forge-2.0.0-alpha1+1.21.jar%23188!/:?]
	at TRANSFORMER/playeranimator@2.0.0-alpha1+1.21/dev.kosmx.playerAnim.minecraftApi.codec.AnimationCodecs.deserialize(AnimationCodecs.java:77) ~[player-animation-lib-forge-2.0.0-alpha1+1.21.jar%23188!/:?]
	at TRANSFORMER/playeranimator@2.0.0-alpha1+1.21/dev.kosmx.playerAnim.minecraftApi.PlayerAnimationRegistry.resourceLoaderCallback(PlayerAnimationRegistry.java:123) ~[player-animation-lib-forge-2.0.0-alpha1+1.21.jar%23188!/:?]
	at TRANSFORMER/minecraft@1.21.1/net.minecraft.server.packs.resources.ResourceManagerReloadListener.lambda$reload$0(ResourceManagerReloadListener.java:21) ~[neoforge-21.1.65-minecraft.jar%23183!/:?]
	at java.base/java.util.concurrent.CompletableFuture$UniRun.tryFire(CompletableFuture.java:787) ~[?:?]
	at java.base/java.util.concurrent.CompletableFuture$Completion.run(CompletableFuture.java:482) ~[?:?]
	at TRANSFORMER/minecraft@1.21.1/net.minecraft.server.packs.resources.SimpleReloadInstance.lambda$new$3(SimpleReloadInstance.java:86) ~[neoforge-21.1.65-minecraft.jar%23183!/:?]
	at TRANSFORMER/minecraft@1.21.1/net.minecraft.util.thread.BlockableEventLoop.doRunTask(BlockableEventLoop.java:148) ~[neoforge-21.1.65-minecraft.jar%23183!/:?]
	at TRANSFORMER/minecraft@1.21.1/net.minecraft.util.thread.ReentrantBlockableEventLoop.doRunTask(ReentrantBlockableEventLoop.java:24) ~[neoforge-21.1.65-minecraft.jar%23183!/:?]
	at TRANSFORMER/minecraft@1.21.1/net.minecraft.util.thread.BlockableEventLoop.pollTask(BlockableEventLoop.java:122) ~[neoforge-21.1.65-minecraft.jar%23183!/:?]
	at TRANSFORMER/minecraft@1.21.1/net.minecraft.util.thread.BlockableEventLoop.runAllTasks(BlockableEventLoop.java:111) ~[neoforge-21.1.65-minecraft.jar%23183!/:?]
	at TRANSFORMER/minecraft@1.21.1/net.minecraft.client.Minecraft.runTick(Minecraft.java:1155) ~[neoforge-21.1.65-minecraft.jar%23183!/:?]
	at TRANSFORMER/minecraft@1.21.1/net.minecraft.client.Minecraft.run(Minecraft.java:807) ~[neoforge-21.1.65-minecraft.jar%23183!/:?]
	at TRANSFORMER/minecraft@1.21.1/net.minecraft.client.main.Main.main(Main.java:230) ~[neoforge-21.1.65-minecraft.jar%23183!/:?]
	at java.base/jdk.internal.reflect.DirectMethodHandleAccessor.invoke(DirectMethodHandleAccessor.java:103) ~[?:?]
	at java.base/java.lang.reflect.Method.invoke(Method.java:580) ~[?:?]
	at MC-BOOTSTRAP/fml_loader@4.0.24/net.neoforged.fml.loading.targets.CommonLaunchHandler.runTarget(CommonLaunchHandler.java:136) ~[loader-4.0.24.jar%23139!/:4.0]
	at MC-BOOTSTRAP/fml_loader@4.0.24/net.neoforged.fml.loading.targets.CommonLaunchHandler.clientService(CommonLaunchHandler.java:124) ~[loader-4.0.24.jar%23139!/:4.0]
	at MC-BOOTSTRAP/fml_loader@4.0.24/net.neoforged.fml.loading.targets.NeoForgeClientUserdevLaunchHandler.runService(NeoForgeClientUserdevLaunchHandler.java:23) ~[loader-4.0.24.jar%23139!/:4.0]
	at MC-BOOTSTRAP/fml_loader@4.0.24/net.neoforged.fml.loading.targets.CommonLaunchHandler.lambda$launchService$4(CommonLaunchHandler.java:118) ~[loader-4.0.24.jar%23139!/:4.0]
	at MC-BOOTSTRAP/cpw.mods.modlauncher@11.0.4/cpw.mods.modlauncher.LaunchServiceHandlerDecorator.launch(LaunchServiceHandlerDecorator.java:30) [modlauncher-11.0.4.jar%23121!/:?]
	at MC-BOOTSTRAP/cpw.mods.modlauncher@11.0.4/cpw.mods.modlauncher.LaunchServiceHandler.launch(LaunchServiceHandler.java:53) [modlauncher-11.0.4.jar%23121!/:?]
	at MC-BOOTSTRAP/cpw.mods.modlauncher@11.0.4/cpw.mods.modlauncher.LaunchServiceHandler.launch(LaunchServiceHandler.java:71) [modlauncher-11.0.4.jar%23121!/:?]
	at MC-BOOTSTRAP/cpw.mods.modlauncher@11.0.4/cpw.mods.modlauncher.Launcher.run(Launcher.java:103) [modlauncher-11.0.4.jar%23121!/:?]
	at MC-BOOTSTRAP/cpw.mods.modlauncher@11.0.4/cpw.mods.modlauncher.Launcher.main(Launcher.java:74) [modlauncher-11.0.4.jar%23121!/:?]
	at MC-BOOTSTRAP/cpw.mods.modlauncher@11.0.4/cpw.mods.modlauncher.BootstrapLaunchConsumer.accept(BootstrapLaunchConsumer.java:26) [modlauncher-11.0.4.jar%23121!/:?]
	at MC-BOOTSTRAP/cpw.mods.modlauncher@11.0.4/cpw.mods.modlauncher.BootstrapLaunchConsumer.accept(BootstrapLaunchConsumer.java:23) [modlauncher-11.0.4.jar%23121!/:?]
	at cpw.mods.bootstraplauncher@2.0.2/cpw.mods.bootstraplauncher.BootstrapLauncher.run(BootstrapLauncher.java:210) [bootstraplauncher-2.0.2.jar:?]
	at cpw.mods.bootstraplauncher@2.0.2/cpw.mods.bootstraplauncher.BootstrapLauncher.main(BootstrapLauncher.java:69) [bootstraplauncher-2.0.2.jar:?]
	at java.base/jdk.internal.reflect.DirectMethodHandleAccessor.invoke(DirectMethodHandleAccessor.java:103) ~[?:?]
	at java.base/java.lang.reflect.Method.invoke(Method.java:580) ~[?:?]
	at DevLaunch@1.0.1/net.neoforged.devlaunch.Main.main(Main.java:55) [DevLaunch-1.0.1.jar:?]
Caused by: com.google.gson.JsonParseException: not an emotecraft animation
	at TRANSFORMER/playeranimator@2.0.0-alpha1+1.21/dev.kosmx.playerAnim.core.data.gson.AnimationJson.deserialize(AnimationJson.java:54) ~[player-animation-lib-forge-2.0.0-alpha1+1.21.jar%23188!/:?]
	at TRANSFORMER/playeranimator@2.0.0-alpha1+1.21/dev.kosmx.playerAnim.core.data.gson.AnimationJson.deserialize(AnimationJson.java:17) ~[player-animation-lib-forge-2.0.0-alpha1+1.21.jar%23188!/:?]
	at MC-BOOTSTRAP/com.google.gson@2.10.1/com.google.gson.internal.bind.TreeTypeAdapter.read(TreeTypeAdapter.java:76) ~[gson-2.10.1.jar%23103!/:?]
	at MC-BOOTSTRAP/com.google.gson@2.10.1/com.google.gson.Gson.fromJson(Gson.java:1227) ~[gson-2.10.1.jar%23103!/:?]
	at MC-BOOTSTRAP/com.google.gson@2.10.1/com.google.gson.Gson.fromJson(Gson.java:1137) ~[gson-2.10.1.jar%23103!/:?]
	at MC-BOOTSTRAP/com.google.gson@2.10.1/com.google.gson.Gson.fromJson(Gson.java:1107) ~[gson-2.10.1.jar%23103!/:?]
	at TRANSFORMER/playeranimator@2.0.0-alpha1+1.21/dev.kosmx.playerAnim.minecraftApi.codec.AbstractGsonCodec.decode(AbstractGsonCodec.java:23) ~[player-animation-lib-forge-2.0.0-alpha1+1.21.jar%23188!/:?]
	... 31 more
[08Jul2025 04:49:07.120] [Render thread/WARN] [dev.kosmx.playerAnim.minecraftApi.PlayerAnimationRegistry/]: Animation player_animation/fortify.json is in wrong directory: "player_animation", please place it in "player_animations".
[08Jul2025 04:49:07.120] [Render thread/INFO] [dev.kosmx.playerAnim.minecraftApi.codec.AnimationCodecs/]: Failed to apply emotecraft
java.io.IOException: com.google.gson.JsonParseException: not an emotecraft animation
	at TRANSFORMER/playeranimator@2.0.0-alpha1+1.21/dev.kosmx.playerAnim.minecraftApi.codec.AbstractGsonCodec.decode(AbstractGsonCodec.java:25) ~[player-animation-lib-forge-2.0.0-alpha1+1.21.jar%23188!/:?]
	at TRANSFORMER/playeranimator@2.0.0-alpha1+1.21/dev.kosmx.playerAnim.minecraftApi.codec.AnimationCodecs.deserialize(AnimationCodecs.java:77) ~[player-animation-lib-forge-2.0.0-alpha1+1.21.jar%23188!/:?]
	at TRANSFORMER/playeranimator@2.0.0-alpha1+1.21/dev.kosmx.playerAnim.minecraftApi.PlayerAnimationRegistry.resourceLoaderCallback(PlayerAnimationRegistry.java:123) ~[player-animation-lib-forge-2.0.0-alpha1+1.21.jar%23188!/:?]
	at TRANSFORMER/minecraft@1.21.1/net.minecraft.server.packs.resources.ResourceManagerReloadListener.lambda$reload$0(ResourceManagerReloadListener.java:21) ~[neoforge-21.1.65-minecraft.jar%23183!/:?]
	at java.base/java.util.concurrent.CompletableFuture$UniRun.tryFire(CompletableFuture.java:787) ~[?:?]
	at java.base/java.util.concurrent.CompletableFuture$Completion.run(CompletableFuture.java:482) ~[?:?]
	at TRANSFORMER/minecraft@1.21.1/net.minecraft.server.packs.resources.SimpleReloadInstance.lambda$new$3(SimpleReloadInstance.java:86) ~[neoforge-21.1.65-minecraft.jar%23183!/:?]
	at TRANSFORMER/minecraft@1.21.1/net.minecraft.util.thread.BlockableEventLoop.doRunTask(BlockableEventLoop.java:148) ~[neoforge-21.1.65-minecraft.jar%23183!/:?]
	at TRANSFORMER/minecraft@1.21.1/net.minecraft.util.thread.ReentrantBlockableEventLoop.doRunTask(ReentrantBlockableEventLoop.java:24) ~[neoforge-21.1.65-minecraft.jar%23183!/:?]
	at TRANSFORMER/minecraft@1.21.1/net.minecraft.util.thread.BlockableEventLoop.pollTask(BlockableEventLoop.java:122) ~[neoforge-21.1.65-minecraft.jar%23183!/:?]
	at TRANSFORMER/minecraft@1.21.1/net.minecraft.util.thread.BlockableEventLoop.runAllTasks(BlockableEventLoop.java:111) ~[neoforge-21.1.65-minecraft.jar%23183!/:?]
	at TRANSFORMER/minecraft@1.21.1/net.minecraft.client.Minecraft.runTick(Minecraft.java:1155) ~[neoforge-21.1.65-minecraft.jar%23183!/:?]
	at TRANSFORMER/minecraft@1.21.1/net.minecraft.client.Minecraft.run(Minecraft.java:807) ~[neoforge-21.1.65-minecraft.jar%23183!/:?]
	at TRANSFORMER/minecraft@1.21.1/net.minecraft.client.main.Main.main(Main.java:230) ~[neoforge-21.1.65-minecraft.jar%23183!/:?]
	at java.base/jdk.internal.reflect.DirectMethodHandleAccessor.invoke(DirectMethodHandleAccessor.java:103) ~[?:?]
	at java.base/java.lang.reflect.Method.invoke(Method.java:580) ~[?:?]
	at MC-BOOTSTRAP/fml_loader@4.0.24/net.neoforged.fml.loading.targets.CommonLaunchHandler.runTarget(CommonLaunchHandler.java:136) ~[loader-4.0.24.jar%23139!/:4.0]
	at MC-BOOTSTRAP/fml_loader@4.0.24/net.neoforged.fml.loading.targets.CommonLaunchHandler.clientService(CommonLaunchHandler.java:124) ~[loader-4.0.24.jar%23139!/:4.0]
	at MC-BOOTSTRAP/fml_loader@4.0.24/net.neoforged.fml.loading.targets.NeoForgeClientUserdevLaunchHandler.runService(NeoForgeClientUserdevLaunchHandler.java:23) ~[loader-4.0.24.jar%23139!/:4.0]
	at MC-BOOTSTRAP/fml_loader@4.0.24/net.neoforged.fml.loading.targets.CommonLaunchHandler.lambda$launchService$4(CommonLaunchHandler.java:118) ~[loader-4.0.24.jar%23139!/:4.0]
	at MC-BOOTSTRAP/cpw.mods.modlauncher@11.0.4/cpw.mods.modlauncher.LaunchServiceHandlerDecorator.launch(LaunchServiceHandlerDecorator.java:30) [modlauncher-11.0.4.jar%23121!/:?]
	at MC-BOOTSTRAP/cpw.mods.modlauncher@11.0.4/cpw.mods.modlauncher.LaunchServiceHandler.launch(LaunchServiceHandler.java:53) [modlauncher-11.0.4.jar%23121!/:?]
	at MC-BOOTSTRAP/cpw.mods.modlauncher@11.0.4/cpw.mods.modlauncher.LaunchServiceHandler.launch(LaunchServiceHandler.java:71) [modlauncher-11.0.4.jar%23121!/:?]
	at MC-BOOTSTRAP/cpw.mods.modlauncher@11.0.4/cpw.mods.modlauncher.Launcher.run(Launcher.java:103) [modlauncher-11.0.4.jar%23121!/:?]
	at MC-BOOTSTRAP/cpw.mods.modlauncher@11.0.4/cpw.mods.modlauncher.Launcher.main(Launcher.java:74) [modlauncher-11.0.4.jar%23121!/:?]
	at MC-BOOTSTRAP/cpw.mods.modlauncher@11.0.4/cpw.mods.modlauncher.BootstrapLaunchConsumer.accept(BootstrapLaunchConsumer.java:26) [modlauncher-11.0.4.jar%23121!/:?]
	at MC-BOOTSTRAP/cpw.mods.modlauncher@11.0.4/cpw.mods.modlauncher.BootstrapLaunchConsumer.accept(BootstrapLaunchConsumer.java:23) [modlauncher-11.0.4.jar%23121!/:?]
	at cpw.mods.bootstraplauncher@2.0.2/cpw.mods.bootstraplauncher.BootstrapLauncher.run(BootstrapLauncher.java:210) [bootstraplauncher-2.0.2.jar:?]
	at cpw.mods.bootstraplauncher@2.0.2/cpw.mods.bootstraplauncher.BootstrapLauncher.main(BootstrapLauncher.java:69) [bootstraplauncher-2.0.2.jar:?]
	at java.base/jdk.internal.reflect.DirectMethodHandleAccessor.invoke(DirectMethodHandleAccessor.java:103) ~[?:?]
	at java.base/java.lang.reflect.Method.invoke(Method.java:580) ~[?:?]
	at DevLaunch@1.0.1/net.neoforged.devlaunch.Main.main(Main.java:55) [DevLaunch-1.0.1.jar:?]
Caused by: com.google.gson.JsonParseException: not an emotecraft animation
	at TRANSFORMER/playeranimator@2.0.0-alpha1+1.21/dev.kosmx.playerAnim.core.data.gson.AnimationJson.deserialize(AnimationJson.java:54) ~[player-animation-lib-forge-2.0.0-alpha1+1.21.jar%23188!/:?]
	at TRANSFORMER/playeranimator@2.0.0-alpha1+1.21/dev.kosmx.playerAnim.core.data.gson.AnimationJson.deserialize(AnimationJson.java:17) ~[player-animation-lib-forge-2.0.0-alpha1+1.21.jar%23188!/:?]
	at MC-BOOTSTRAP/com.google.gson@2.10.1/com.google.gson.internal.bind.TreeTypeAdapter.read(TreeTypeAdapter.java:76) ~[gson-2.10.1.jar%23103!/:?]
	at MC-BOOTSTRAP/com.google.gson@2.10.1/com.google.gson.Gson.fromJson(Gson.java:1227) ~[gson-2.10.1.jar%23103!/:?]
	at MC-BOOTSTRAP/com.google.gson@2.10.1/com.google.gson.Gson.fromJson(Gson.java:1137) ~[gson-2.10.1.jar%23103!/:?]
	at MC-BOOTSTRAP/com.google.gson@2.10.1/com.google.gson.Gson.fromJson(Gson.java:1107) ~[gson-2.10.1.jar%23103!/:?]
	at TRANSFORMER/playeranimator@2.0.0-alpha1+1.21/dev.kosmx.playerAnim.minecraftApi.codec.AbstractGsonCodec.decode(AbstractGsonCodec.java:23) ~[player-animation-lib-forge-2.0.0-alpha1+1.21.jar%23188!/:?]
	... 31 more
[08Jul2025 04:49:07.124] [Render thread/INFO] [net.neoforged.neoforge.client.entity.animation.json.AnimationLoader/]: Loaded 0 entity animations
[08Jul2025 04:49:10.552] [Render thread/DEBUG] [net.neoforged.neoforge.network.DualStackUtils/]: Detected IPv6 address: "0:0:0:0:0:0:0:0"
[08Jul2025 04:49:10.803] [Server Pinger #0/DEBUG] [io.netty.channel.MultithreadEventLoopGroup/]: -Dio.netty.eventLoopThreads: 24
[08Jul2025 04:49:10.812] [Server Pinger #0/DEBUG] [io.netty.util.concurrent.GlobalEventExecutor/]: -Dio.netty.globalEventExecutor.quietPeriodSeconds: 1
[08Jul2025 04:49:10.821] [Server Pinger #0/DEBUG] [io.netty.channel.nio.NioEventLoop/]: -Dio.netty.noKeySetOptimization: false
[08Jul2025 04:49:10.822] [Server Pinger #0/DEBUG] [io.netty.channel.nio.NioEventLoop/]: -Dio.netty.selectorAutoRebuildThreshold: 512
[08Jul2025 04:49:10.827] [Server Pinger #0/DEBUG] [io.netty.util.internal.PlatformDependent/]: org.jctools-core.MpscChunkedArrayQueue: available
[08Jul2025 04:49:10.867] [Server Pinger #0/DEBUG] [io.netty.channel.DefaultChannelId/]: -Dio.netty.processId: 15736 (auto-detected)
[08Jul2025 04:49:10.868] [Server Pinger #0/DEBUG] [io.netty.util.NetUtil/]: -Djava.net.preferIPv4Stack: false
[08Jul2025 04:49:10.868] [Server Pinger #0/DEBUG] [io.netty.util.NetUtil/]: -Djava.net.preferIPv6Addresses: true
[08Jul2025 04:49:10.871] [Server Pinger #0/DEBUG] [io.netty.util.NetUtilInitializations/]: Loopback interface: loopback_0 (Software Loopback Interface 1, 0:0:0:0:0:0:0:1)
[08Jul2025 04:49:10.871] [Server Pinger #0/DEBUG] [io.netty.util.NetUtil/]: Failed to get SOMAXCONN from sysctl and file \proc\sys\net\core\somaxconn. Default: 200
[08Jul2025 04:49:10.871] [Server Pinger #0/DEBUG] [io.netty.channel.DefaultChannelId/]: -Dio.netty.machineId: d8:5e:d3:ff:fe:0f:6e:7f (auto-detected)
[08Jul2025 04:49:13.856] [Server Pinger #0/DEBUG] [io.netty.util.Recycler/]: -Dio.netty.recycler.maxCapacityPerThread: 4096
[08Jul2025 04:49:13.856] [Server Pinger #0/DEBUG] [io.netty.util.Recycler/]: -Dio.netty.recycler.ratio: 8
[08Jul2025 04:49:13.856] [Server Pinger #0/DEBUG] [io.netty.util.Recycler/]: -Dio.netty.recycler.chunkSize: 32
[08Jul2025 04:49:13.856] [Server Pinger #0/DEBUG] [io.netty.util.Recycler/]: -Dio.netty.recycler.blocking: false
[08Jul2025 04:49:13.856] [Server Pinger #0/DEBUG] [io.netty.util.Recycler/]: -Dio.netty.recycler.batchFastThreadLocalOnly: true
[08Jul2025 04:49:15.275] [Render thread/INFO] [net.minecraft.client.gui.screens.ConnectScreen/]: Connecting to localhost, 25565
[08Jul2025 04:49:15.309] [Server Connector #1/DEBUG] [net.neoforged.neoforge.network.DualStackUtils/]: Detected IPv6 address: "0:0:0:0:0:0:0:1"
[08Jul2025 04:49:17.582] [Render thread/INFO] [net.minecraft.client.Minecraft/]: Stopping!
